model,structure,model_seed,panel_id,probe_seed,probe_slot,selected_position,train_group_id,train_image_sha256,train_conversation_sha256,ghost_group_id,ghost_image_sha256,ghost_conversation_sha256,squared_l2_gradient_difference,log10_squared_l2_gradient_difference,normalized_gradient_difference,true_gradient_squared_l2,ghost_gradient_squared_l2
P-budget-2048-seed-43101,P,43101,0,74001,0,3,stage2-v2-unit-31452-cbb76b4a2d02,cbb76b4a2d02bb0ee7fbf58a68d2a0229ab6be5d4e00c04a70c68d85cfefe886,a58aafa2e5d5a68debd39a0a4eab0462bafdba1990f0d0f25ed16195476ff6d2,stage2-v2-unit-27886-b43ac5dd6c5d,b43ac5dd6c5ddb4c7e1b8c3ceb18e8d8207b439761935ec542f7f69536d88bae,ed42fd846b2268ec62df794c2d89ea4b4fa1f7591096a105ba277b32b24f984e,9.664228605288372e-05,-4.01483280545711,0.031726080348111134,0.001538703567803168,0.001507442851561791
P-budget-2048-seed-43101,P,43101,0,74001,1,0,stage2-v2-unit-08447-36dd461ee443,36dd461ee443b9f5c8d5e208fbb5004b907221f57c6afa81f308950fb4d85f5d,bd607acab2474a4620c15544b5b40ea231e233db04f3dbb0152c9ee88bf3b5aa,stage2-v2-unit-38893-fbaa13e3bbf6,fbaa13e3bbf65868ff922abed5f31da16531be5da5bfa6d7e5d78e0024ace529,d6ede050c0b92bb4ba9fb56aa5c805d66218b47858846dd88bcb81e2fb40e9f1,0.00010855390166852885,-3.9643545624199676,0.021194852828516676,0.0023809657850506483,0.0027407447805671836
P-budget-2048-seed-43101,P,43101,0,74001,2,12,stage2-v2-unit-23023-949efb85bc5e,949efb85bc5eb2cc501a029988c53f9788d848236f0d5a9af6104415a2eb81ed,4734080bbf4bbc58dd244a98cd3fa08fd08748d22e1f2432d50fcff27eb15554,stage2-v2-unit-14984-60c0c49e2c76,60c0c49e2c76132b854b3ba3e81dee88c1d4b62d03e98224015e420e1c903aae,6b13067fa25419e939e2f3809293a0fdfc8a249246ec740db9b58168d6258279,7.557614873121565e-05,-4.121615242974668,0.02322906108455488,0.00156078724148756,0.0016927299134295026
P-budget-2048-seed-43101,P,43101,0,74001,3,12,stage2-v2-unit-39496-ff791792deec,ff791792deecb8c78b6d410daed0ee14ac38656e31acad7f12336d75853e0b8d,b2b14fd6d64667caa7dd93e2343af34882fa3638963c851be9d165899699e6ce,stage2-v2-unit-18368-769da613f002,769da613f002b6313e38cf93915a15676f9d41cc0fac2f02ca4f47374e7ab2f1,6da7e9dd6dd7c592e0f58837a2f38e9533dc0af33386120d3d724ca433a4d4a1,8.025959553492612e-05,-4.09550303320662,0.025934445954343254,0.0015371088472875272,0.001557601395461461
P-budget-2048-seed-43101,P,43101,0,74001,4,5,stage2-v2-unit-38819-fb42bb0a229e,fb42bb0a229e8538395b160536c7d178fb6a393c010a846d96055baaad7ad51d,a21e4950777c019de47b41c5c914e79df5ae5c7480a9365ec9aa82dff7d9d732,stage2-v2-unit-16287-691dbc1426b0,691dbc1426b012ba90d0a258f372ae440cacc823f63bc61891fef4bbc6f8cefb,f659d49fdf52de32a1da5f431acd1e83686b5af31463e45f9681d612c1d5938a,7.790994389722528e-05,-4.108407108385398,0.021819528633632543,0.0017271788883590489,0.0018434731273373473
P-budget-2048-seed-43101,P,43101,0,74001,5,10,stage2-v2-unit-03704-17f68cfd7dab,17f68cfd7dab665eeaaed7593562f9c840cfd9c6ed619568ad64b4167db83239,51aef2eafd9296aa301c5202b4bfdaad5f9915c053d3ec408b830ccd21f07e8c,stage2-v2-unit-33841-db9d0f8314ee,db9d0f8314ee732861ddc20b991322891e1f3efb9509c1598657f84a50d680be,5aebb70acb69ff0e7501e08f399eab838256afabf929692b3c6fcf612a79df9b,0.0003059511645915336,-3.5143478893386706,0.12500456073257557,0.0010713449253216822,0.0013761750915364246
P-budget-2048-seed-43101,P,43101,0,74001,6,0,stage2-v2-unit-17366-701efd168d66,701efd168d66d9c6ffe81782f140bddcfabcb5b147db2ea78faeaa35c221a4f6,bc152b88377ae7e3a3064a2f1031c8bca8ef3636c1055382df7f4accd18bc832,stage2-v2-unit-18338-7675e5102bd0,7675e5102bd0db2a89259c9b2fdc50dc6d2d1bc4581ff6d5f34ae6a9a073f4ae,accc22b95e289d974db4a9038add9a038df92aeb448951c2a19215ae89065c2b,7.495097418086516e-05,-4.125222718004166,0.03139390048377588,0.001209132212466102,0.0011783052523242077
P-budget-2048-seed-43101,P,43101,0,74001,7,4,stage2-v2-unit-12482-50fea7f8b45c,50fea7f8b45c0d77c60897a8dd57749105ac6fb2bcadebb620a6947e4b61a936,b2b4114e2c9b93e978520fb57861c0e34c43b823efb935862784330da6b2474c,stage2-v2-unit-07349-2fc9791d29c7,2fc9791d29c7291b859a7851afed1e55e4e26f926e495ea097b1bccec0837d84,47859b86107478fd787fc6896bb18e28f2f7468dd4617ddfd5c87fb61892a163,6.837123237346532e-05,-4.1651265919857,0.011680215479512215,0.0029546897294494556,0.002898903681852971
P-budget-2048-seed-43101,P,43101,0,74001,8,8,stage2-v2-unit-38315-f7e125a2cb11,f7e125a2cb11d65bec69afa43dad799c2da893d63a57d3ac35175479a5c39a93,2100e9db98b6cfa4cbbd8f583a62aa3f519bf3dab970ef3ae843839006a51358,stage2-v2-unit-35802-e7a273a87bb1,e7a273a87bb1a2b978464a1f687da7c420209b45fd1306dbdec732d39bd1b4ce,34bd30073bc74cd8a70ec4a7c1ac2d9e37d0d20d508353c3fb9a057b24e97657,0.00014144409323080254,-3.849415184161965,0.03510771533766491,0.0018228769911274867,0.002205983670137357
P-budget-2048-seed-43101,P,43101,0,74001,9,8,stage2-v2-unit-01384-090741b51363,090741b51363f94e98710aa8fe2f6c710a0a96603802c3e07fc2d8e03be3c06d,0fa70e894098eef57eb0e699471df345af7a391a3193859b8bf0a7394078ae78,stage2-v2-unit-29238-bd22d2bfb84a,bd22d2bfb84af40b416241e21ff3f5b09d0fd2c94c11d308dd74772785acf83d,58e95c9cecc9b4ce72c633e187981a48b1ea08f36b7dde2be55dde0ce7f199ef,6.0108579248208116e-05,-4.221063537078055,0.01113284604742333,0.002682545314200979,0.002716665183470468
P-budget-2048-seed-43101,P,43101,0,74001,10,15,stage2-v2-unit-10128-41ca69e8c3de,41ca69e8c3deee34e7a5d7d4c7a6c4a982f9eb6159e2986cf713c2d81aa57b5d,36252b479049acd3ff03e90db0df26cf1ad4bef01d0c4025ebc82dcf06826379,stage2-v2-unit-17985-74311e7a32ce,74311e7a32ce29c162b81064e6b148f87b1d9273977eb9254ccdca9863194895,c18fe62cf2ffe94307d852ba3f504795ff1aa73b50758d8215df00e2f2b9cfa3,6.207671168567686e-05,-4.207071296495181,0.016976243259548843,0.0018523823534906114,0.0018042989709101676
P-budget-2048-seed-43101,P,43101,0,74001,11,5,stage2-v2-unit-19923-80960b1d3cb6,80960b1d3cb69c1a669b647663f3f68ce32fd1498beccfc1a209e7270ec54e21,3ef2bf6f7100da75d8e57c35d81b036dce9014397c26e06b49f5e0b47483d181,stage2-v2-unit-28651-b937f6e4482a,b937f6e4482a852cecda1249eb9a8e6d841e6425108b5107ea7b68bfd5e8f263,34dccf2742e389e6a107211e1f7aea5d4c2c0d705f099710cc4b978c5b541f3b,0.00014989560014555536,-3.8242111147204354,0.03753878404464824,0.0019310142279209686,0.0020620719617454597
P-budget-2048-seed-43101,P,43101,0,74001,12,13,stage2-v2-unit-02348-0f0c33992460,0f0c33992460cb4118b599a511838aa39a085a0c4d00338d290b3a0089926a9b,d6ed86dc46e2f3c1be278f524d148748dbcb84c402ad6bae1d16df1b54fdf8a1,stage2-v2-unit-19095-7b418cd2bb6e,7b418cd2bb6e75040114d7587a72e017523eb6715d2e5f1c0cd4859e75256f67,170a06b5b8e8f7db564ba8db9bfb1fc423410e8188dc0f5d77230cffcd398d3f,6.680274677250964e-05,-4.17520567998525,0.02079945957642348,0.0015697187006935565,0.0016420352646946412
P-budget-2048-seed-43101,P,43101,0,74001,13,3,stage2-v2-unit-16117-680a3557c171,680a3557c17135a879afe2d567f52e5feb8840226450bdeb0d4f52e110916817,66e90458ed79c8830ded9e7bd48eb60fef1330df2ded6bf1ed61540aa129e029,stage2-v2-unit-06859-2c7b28567f5f,2c7b28567f5f594519bd4ce6ecacbbdae150d134b7600edeb943c15710d1d95b,e00ddeae49475a2f4ccebd983ef06a62c8d4c2c8f15db1836feeec05a8583f32,9.001876640013506e-05,-4.04566694284483,0.019677298768035926,0.0024161804831237532,0.002158571745894733
P-budget-2048-seed-43101,P,43101,0,74001,14,9,stage2-v2-unit-11024-47a62e49c0ab,47a62e49c0aba7374583d6f1339832c4b53353059b343b0f9b12dd80c02d6fee,4fa5ba864a436008936bf525ecb0dc56bf46c5189ace8dc06a40e8465d8e4c2f,stage2-v2-unit-08327-362a00336e02,362a00336e028f29ff51259fae5f1da7464758beb3eceb2dd05dcda5f11a1556,30b68aa45e5a46d674d2e6de7aaf72eb95e80cf3de42b7525d166ee8a06fa89e,6.89198053862583e-05,-4.161655957570403,0.018725878237817208,0.0019272562467449461,0.0017532015940560086
P-budget-2048-seed-43101,P,43101,0,74001,15,13,stage2-v2-unit-25886-a6ee5dc61a9d,a6ee5dc61a9dbf4e6241a9e9b50ebf59cd8f2c93484c93d57052bc43a1721b7d,5d4624ff6548ba5145103df90937950690a7334c4965511b0bd2665c4c870385,stage2-v2-unit-15593-64b51e99d2df,64b51e99d2df21f45521562e69343a4c32e3449d39239c444235ddeba3e61d6a,4f968c12fb99971bad88521f942ccc7418558e0711f426f2ba030c87ff502fc6,7.376651298329762e-05,-4.132140745590082,0.02195687668786674,0.001666006854520674,0.0016936018016622256
P-budget-2048-seed-43101,P,43101,0,74001,16,13,stage2-v2-unit-09705-3ef776548df9,3ef776548df96eacf549ca4e8f7314c77774cdf6e1bd0ba9849e9850f19bc88f,2a2ce9d4f957896640bd98ffdd63e72f0e91318bf97a01a60bbaa26520675daf,stage2-v2-unit-27216-affec99711f4,affec99711f415a9aacab477068f4b0257f3372abdab6ab65914bd6b32b2e055,a2114cc1eb96b43e6a5f1fea4a85aa7eb9b8bb14bfc7a46ea502ab25350fc6a3,0.0001224354187741028,-3.912092928979554,0.032530362622545494,0.001987682992421469,0.0017760444579835166
P-budget-2048-seed-43101,P,43101,0,74001,17,10,stage2-v2-unit-30836-c7d6d8785156,c7d6d87851565560cbf35419bbb247915d22e1be6cef7c9486a48bc72b7a2779,f011ea54a393ad22671e9d096f4cb26d595a1ec018716553f953f57769e924c6,stage2-v2-unit-23719-99219d6596a7,99219d6596a770dc70f12accc0f2896d697b99d8ba2935e680390f2b4d646d74,3dc6110138702c591431a6fba91be44dcdd0aaf66ed1e730a9e7e13f8e0b1a7a,8.648509944464422e-05,-4.06305871087509,0.025391227559069782,0.001625195983251615,0.001780905562782209
P-budget-2048-seed-43101,P,43101,0,74001,18,3,stage2-v2-unit-22432-91007531793c,91007531793cc45e740d742e64c144a615396064ec7d6d0a7265559fe2ea273a,5b9f158ff80939c1a411d7cb2a4e90823ad0cacbbc57d95081146327a9f7b83d,stage2-v2-unit-32902-d57397a4bafa,d57397a4bafa3d720ecd477d33fd3d5a08d91dfc86fd1cfba490f5563a518aec,09bb688012b603f1b37ac70340b9d1e8056a63c57d09410d117360952b90e309,0.00011172510045298623,-3.9518492461895725,0.051124094621112524,0.0011252672525188245,0.001060103486679509
P-budget-2048-seed-43101,P,43101,0,74001,19,4,stage2-v2-unit-31921-ced0e669b784,ced0e669b784eef9c9bd2ec4f7a70c9aaa7a60dec9c1006e81221bbcdde22d70,51f67e19570f9c8fb6c8277f22e2435e4aa6b6f9bf401cb373b91cca053d77e1,stage2-v2-unit-02211-0e394ddbd02a,0e394ddbd02a2f96a5eff5e47f99246bd1f52c5dabea16a9c44689fbf8e4b861,1438df18588e6ec30dda68771830c52d17bbe219bab972479077dcec7fe35256,9.359892894167388e-05,-4.028729120892047,0.036542080873200385,0.0012603339223460353,0.0013010672541895474
P-budget-2048-seed-43101,P,43101,0,74001,20,1,stage2-v2-unit-09494-3d921e82f4c2,3d921e82f4c21af957a5798954ab437c70e16cba2738d462280976453d64191a,92920c45834e406e84d1a9857476c23b211a2d7ff09ca388efc240492bec3450,stage2-v2-unit-13468-576f93cd8907,576f93cd89076cc177ff43485313c4d3a11fce239d6e3651eb68055eb5063ee4,93a068cbc9a1012943faeb6192d25e74ec969f488c8f747b601464b4d4a2d56f,4.365995380339882e-05,-4.359916728153668,0.014491884370579834,0.0014948747113976424,0.001517842799103164
P-budget-2048-seed-43101,P,43101,0,74001,21,15,stage2-v2-unit-39504-ff8b8a75e51b,ff8b8a75e51b606d50ab96ce0365c8b7af41064d3cd6587c9ecdc0b48efa182a,79b5492a4da73396b11290d8cc432ddc040c10be5f81f0fb03aa46c46b642ee3,stage2-v2-unit-32632-d3c42fbf147d,d3c42fbf147d89499c7062963a1f1bdc7e2a6ddb7bd902e42e16f3602895f279,5d1c499576ce73e467565b93bee35d8b55f9c795bd31e395edec713a4a30bcfd,5.0080722843404146e-05,-4.300329411334445,0.016538800266136574,0.0015074640541570261,0.0015206106572804856
P-budget-2048-seed-43101,P,43101,0,74001,22,14,stage2-v2-unit-13686-58d36d70eb84,58d36d70eb84ea179427decb4a40bb40147b445241020222a68d29a5b3beeeb5,4a08e2c6544ca9553f71bb68ac3ae37141c4fbcc2604a797a9f26ba7a12f2fec,stage2-v2-unit-04495-1d4b008d8b81,1d4b008d8b81c8efe60eacbc9905e7e4e0c89278f4508fe7638087e94c2ca5a0,3eda24cf639f9172571a3f03d34a0d1b421c31a25ee7c1961c2c0b7d87951380,8.348254323209403e-05,-4.078404328954447,0.02857058613001726,0.0015297167963126412,0.0013922583725616278
P-budget-2048-seed-43101,P,43101,0,74001,23,7,stage2-v2-unit-15570-6493a1aab058,6493a1aab058844d7ece06308edc59d4326f63b0dffe81249b32355404b84958,0cdac294bb2eefa2e36b4241a3ce15bb5a259cdb7be9a7e15f98d01eb989f114,stage2-v2-unit-28295-b72053e31424,b72053e31424d653e8711296e5c5f5db4e2ea9df922b760e7fa7f5725e46a4f5,094697017f50655dc41d82bac2152c27fb90faab6c1c1354076fd606746bac7c,6.822489990554459e-05,-4.166057092821885,0.016757665551687763,0.002037009615378338,0.0020342555435490794
P-budget-2048-seed-43101,P,43101,0,74001,24,13,stage2-v2-unit-02921-12b2599ac2a6,12b2599ac2a62f344c3b6e36e4766e54d8a5adfc8b647f33c7fd81e11ec4f663,f98cf3e6c22cb16064c59f648fb4ef1d45b8da599c8f818b7fe0069ac7cb478e,stage2-v2-unit-07913-337043e5bd3a,337043e5bd3ac88ebb7cef7aa82ef29254186b8a5244f7b2963c7194b698a4a7,bbd4f975a2dfb09284dd98743ba648f15d5ae5f17f3c77ba3b13579e7c5616e4,5.753889061566042e-05,-4.240038515823198,0.006883442230266061,0.004172062212091987,0.004186966409179149
P-budget-2048-seed-43101,P,43101,0,74001,25,13,stage2-v2-unit-20182-823345e564a1,823345e564a11e962fb198dd1430c497eb1db783690a776c3c167f3c61938513,222fdcd0e475ba105e4f317e43e026df948478fd27262e4c06ed45efec7183a3,stage2-v2-unit-09007-3a63e323ae91,3a63e323ae915b4d1ac7760cab22d6a092c647a8937dea1959cbdcbceab27bb4,ab7eddf6c007ef4fdf5018d76c291a6f2db2df846936305745f30a556de81ad5,5.003879397236233e-05,-4.300693166154076,0.012614095721878079,0.0019952466109316447,0.0019716484464424866
P-budget-2048-seed-43101,P,43101,0,74001,26,5,stage2-v2-unit-25515-a49867491644,a4986749164455f19e5933f871e1b4e682dc24ff77c5a733e8e747a32e2170ed,b03a3f6cf4abca881a002da43052458eeb248a963ac33ddc13730de9667317b8,stage2-v2-unit-02017-0d38d2316076,0d38d2316076e382ae9680cfe115d519bf708bd5c0aaeeb1f0a89d54724f754f,adbb3caa80f7de7f1bfab620e8fe8b10f21bad7f051902bd30612727145a795d,5.5082268190176364e-05,-4.258988184569877,0.014143534973899486,0.0019491779178224533,0.001945341259443012
P-budget-2048-seed-43101,P,43101,0,74001,27,10,stage2-v2-unit-13332-5697b6743157,5697b6743157297413a72f2276d97a887b7a15c41de995d787d3b9483340d8cf,cbfd9ea172925e229c857c00899bdad4a1620a3cf76b1637f8b75eb33872b73c,stage2-v2-unit-01809-0bd1a17da967,0bd1a17da967ca4143657d8aa1cbe7a30776c3fbdf8f3e48e6616e17287a5081,0ff8b7e996d794156e4f048837531ceff9705892bd5442fc7eb46bfbdc44aa9e,7.093107015521127e-05,-4.149163487790028,0.012368794269148138,0.0028951675485586748,0.0028395118883963733
P-budget-2048-seed-43101,P,43101,0,74001,28,13,stage2-v2-unit-18612-784f478c4e8d,784f478c4e8d5c04c40af1600e04644bfe956bec75ef9051fb9e5c6ac4bf674b,fd48ffc961324f752e6c0af063ba83c3612f6d73ac2f36a7328ea3904b5a94b9,stage2-v2-unit-13384-56e5fae36647,56e5fae36647389339d4d7b0c75901adeeceeafe3db7d28017618d26badebef4,cfda6b68b49df5aa866c30b30aa7111dec08dbf957486369cbe337423b9c7849,6.883409463398493e-05,-4.1621963954316925,0.02455546960490331,0.001358668188458978,0.001444540047486953
P-budget-2048-seed-43101,P,43101,0,74001,29,5,stage2-v2-unit-23505-97cc33441bb3,97cc33441bb3a5058b4c26cd91bf2c3e6ac4c9231b53604b6af01007b5c830ad,7c9aa33dd6cd9267ca26ff85b642417086572cbb03dccc850c12399f1ad5a52c,stage2-v2-unit-14508-5dd2d36ff7a2,5dd2d36ff7a211818b939b050db01be144f0f97b86d6687073fe665de56433d4,4caed3ee6404792a44f0dc6d69335e49f496a77e6e6665cfae5012b6b14de8a4,6.979663899642219e-05,-4.156165489990757,0.01633125970776931,0.002141577604561462,0.0021322285956557607
P-budget-2048-seed-43101,P,43101,0,74001,30,1,stage2-v2-unit-31093-c96d25f9f324,c96d25f9f324aabd694903de4400acf59dbb88a3c7bfff7f5eed7b631c99ddcc,d3c631b775dda85a7f318a08a443a191d9556aa5b07708a9c0248de766e90c29,stage2-v2-unit-25603-a53cf126beff,a53cf126befff9362fdc726ea213596c2c6045fa91f25782a0d945be9ea71082,4fdd5a69c776cb9eb456e1ff62243e13e135b0953a4a634e83622dbc0d2def4c,0.00023648893608196886,-3.6261891725200224,0.0676171534203089,0.0019314402743475512,0.0015660292895063321
P-budget-2048-seed-43101,P,43101,0,74001,31,2,stage2-v2-unit-38233-f74e514a2ade,f74e514a2adecceef9e24dfb04615c8bb841594a5c45bdd893fb5762956120d4,4088cea66aeec5afeba663fbf92dd68c566564e74be9dd6ddd58eca3ede82c65,stage2-v2-unit-27411-b14da44153e3,b14da44153e351a03279adac27e30e6d0a3c04f069c9c876ecb7c2e069f5cbcd,df1061412ae2c42a3ff16ed4deccc91bc8a30594dfdefc9497f24f2a52be6956,6.76003392925395e-05,-4.1700511242875375,0.021345818385358574,0.0015959803513396764,0.0015709321592112246
P-budget-2048-seed-43101,P,43101,0,74001,32,13,stage2-v2-unit-29727-c0427e3c5b28,c0427e3c5b288c646797d1e49bbd026273090d40532d10bd4a896186365358be,730d70f44ed8b4a563cd15be53cef8a3148caba659cb7e1890015b3863728e72,stage2-v2-unit-37747-f41270e93ebb,f41270e93ebbbc12546f953aacdbcc2307dea1187f47ad0f2ee19bdf88ec45fc,3e038daa0ea9f1226110d84f86ede6668d0c82b4a8b6d273c73ca97f7c831e8d,8.571149714953208e-05,-4.066960918873773,0.020498615608126346,0.0021063369340481586,0.002074994078157033
P-budget-2048-seed-43101,P,43101,1,74002,0,12,stage2-v2-unit-21381-8a32ab4f1a69,8a32ab4f1a69001bf448a9da4a56ed722c8b37ec4a4a5b0422f97e7b02c4f491,61a024f8a26b2b3857f159ad56adad47c07680fbf5099a7a23beb0139866038d,stage2-v2-unit-09171-3b6c8f08636d,3b6c8f08636d7daf3620cdb86a57388c64ea8af706abead328d38b7fd4866acc,15f940921c5ec6e70824c95652fb0361961a29c9cc44a962c2008e12abcb3f3c,0.0001689388855083962,-3.7722703751891866,0.0210327571031203,0.004526713121776993,0.003505466619571962
P-budget-2048-seed-43101,P,43101,1,74002,1,8,stage2-v2-unit-21827-8d1cda412d6d,8d1cda412d6d1da5b53c0b7dc1d82e1b7db447922b295e950a8935e31a5b50f2,6ed0663c22b5733d0afc25633e717b18b5574ea8b41f169ac66b181966ba7cab,stage2-v2-unit-13489-57a03827255d,57a03827255d899a78dc6f9fbabb178544afa05b8cc47b547c6f3fe193d543b1,7e13bb9e30b60bbc89e6f100fbd803973913af6eb9ba8a308fb3cfb476ac0d58,8.685097131433395e-05,-4.061225320174896,0.022530902082194066,0.0018873192311730236,0.001967429726391856
P-budget-2048-seed-43101,P,43101,1,74002,2,2,stage2-v2-unit-32659-d3e631c5b50b,d3e631c5b50b11ebe1f92b0d7abfe403b42a16630b1b49be3cce114cf8534ee4,975494dc6d6897802f9b44f22a01354d18bec699a6a4fe28d0b181b99024c3ec,stage2-v2-unit-21769-8cacbe121d7d,8cacbe121d7d68e8da792163805517836939ce808ec8dcf53e8042f07333cdb9,290c9690f5ce377749465ce64a014e856d55e3ef542532ce7a155d46719f3cd3,0.0001700454200204149,-3.769435060800635,0.031836989560739916,0.0027185814637959993,0.00262254602239409
P-budget-2048-seed-43101,P,43101,1,74002,3,10,stage2-v2-unit-26633-ac0c85f1d9c1,ac0c85f1d9c16b05bbb3e48e3138d746ce80d35ac550341dbd174f25438e810a,91c371e5f0c7255b0e83c982787b4149e0f5808543a7492c87bad9f113561a41,stage2-v2-unit-03185-1470b29ac1c0,1470b29ac1c06cc0151ffbe1c77a814b36b26c8a329f665f01b443d175ba19ee,6af043c646351d5be22ab6ec4630483db86254c343022240d5adb9d1fdb1e49a,5.2592818519769935e-05,-4.279073554138379,0.012409888298257619,0.002027831929808599,0.002210144855780527
P-budget-2048-seed-43101,P,43101,1,74002,4,11,stage2-v2-unit-21451-8a9fd1bf6351,8a9fd1bf63515a42fdb1a1ec876ab242193dc1056dec983ca603f257b243cafa,83d7ab5ca2ddd90a3dcdab4ff52c535544f9149132c16c2f8622edd58dbe3a35,stage2-v2-unit-30893-c823461b6da8,c823461b6da8ebd543b8b19bd57df6d072a32dc9d03a5fa8d074854a562ae3d7,2faa5daafea37031191359a242b35de781e891eaea377912ee9c5c5ad20e1bdf,9.591115065177291e-05,-4.018130898720693,0.008957391285129212,0.005249188643574598,0.005458298346638912
P-budget-2048-seed-43101,P,43101,1,74002,5,14,stage2-v2-unit-23991-9ae79af536d7,9ae79af536d700a1e2110a22335e6f129caa4397d35d76ba10cedfdd4ebf08af,32b5b312059e2ceca6876e05fe303769ea85b3dd9e4c9118f632e4a142f7385d,stage2-v2-unit-12410-5086ed34abcc,5086ed34abcc0c8145f8338caae4ec80aafe0d3d9de4b92bcd3541b3b33d3e31,07b20e181d74a0e64eeabcc62dbe34cbe4efa42feedaf760ec4ea859b78c8f8c,6.371485596901039e-05,-4.195759294303004,0.02238744585325759,0.0014668064093257271,0.0013792018573894893
P-budget-2048-seed-43101,P,43101,1,74002,6,4,stage2-v2-unit-08708-38837cd2864e,38837cd2864ed11eba859fa3a77c1d52a405d067ffc6f51b67189d9bd05e9360,537960d486953aabf7bb06b21751396861a1c8a26b88217bcb2ac4275b7253c7,stage2-v2-unit-02722-1169180d4402,1169180d44021088de1d51e7ab40c75df0e964d79c52aa5de802bde53a7f6ce3,d5edac598ffd861390fffecfdafd42295d6195c55175aad11243ad4294be241d,5.596322595380343e-05,-4.252097258912969,0.023026826941016678,0.0012266856811038451,0.001203663324304216
P-budget-2048-seed-43101,P,43101,1,74002,7,14,stage2-v2-unit-15053-611553e99ab3,611553e99ab3fb7ad7f215adaa3be72157838b6b361727f8a4d872b92a66486f,877a1833fc11a122ec09719138b45a2d1f1cb879cc87b27acf89d7dd1caf1dd4,stage2-v2-unit-25376-a39052e88cd0,a39052e88cd04990c9f6057462e3248be1ed92839bc0aafe2d0c0a95909edc53,b09998d3607da5d7148014d5a0419bc1c48c3a97fc8e3c039cf1f0b6882c1c9e,5.477464796399545e-05,-4.261420404963706,0.021935005209159072,0.0012283247401683184,0.0012688092901953496
P-budget-2048-seed-43101,P,43101,1,74002,8,14,stage2-v2-unit-01084-06fb5f2d798a,06fb5f2d798a0aea9392ad5d5bd5882c6275b34149514bfc79a3100beeec6d49,1ffef478247a13f6dcecb3ee2a4f52e761b55d9d29745f11c8e04d4f9324d602,stage2-v2-unit-35054-e33118756098,e331187560987ce27fc08250669af9e25303b3316a73964ae2e3a79c7cfcf2e9,87f5691f36846c77c400cc0e2ba327d807bea8f8648dbadb07bc66eb3abaef49,7.796797510195574e-05,-4.1080837446489715,0.02322564780273579,0.0016679379232300562,0.00168903949088417
P-budget-2048-seed-43101,P,43101,1,74002,9,12,stage2-v2-unit-32534-d2fad1afb88f,d2fad1afb88fe7cfc83b27a6ccb2629ab3898bca7d9fe0a96dd43c834e5875c6,0ba89712b4076cb36c3943800d58d2404e17a84296d1417137d0293d4cd7138a,stage2-v2-unit-00457-02d4bda8783c,02d4bda8783c184b33e74152faa8c0ef16fcd81aa48b25260e18ebbc52593436,2c620a32cd796946e5f79d1bf1c5b4aead7e2604e29f9ee5c1f802c1b39b0241,8.48626431206867e-05,-4.071283445880114,0.025686598760078127,0.0016399229443777585,0.0016638481743029843
P-budget-2048-seed-43101,P,43101,1,74002,10,11,stage2-v2-unit-04813-1f2f886bce93,1f2f886bce93d54a1c91e24bea901fbdf55306b97d59194adf363bff44081b1e,5d36e7be92aaabdf56d436e83bb6d397f898f5ab7a259d0915e4ed70572c3818,stage2-v2-unit-21326-89de481b03ca,89de481b03ca2b34efd138441070ed1e420e6f3360d548466380472b5cf30f12,c1cf98261f7eb2ec8f70d83436fdcf5a25c036acaff318cc805ebfc587731279,0.0001044266439294006,-3.9811886791574294,0.029891410313141985,0.0017844816075012204,0.00170905191384918
P-budget-2048-seed-43101,P,43101,1,74002,11,10,stage2-v2-unit-05163-21698835b913,21698835b9130d76c13c5d7a6a1d19b51fd4c066678e2000452fb21049770321,175e9e0a3c7d9008f0cbb02da40d77495d497516675f1a6441ac73604aa3442b,stage2-v2-unit-07134-2e51badbccf6,2e51badbccf61605fd75dcf456e11c44129f6da581243a8900e550f6f014e798,79b48c4a4711630eb609cc23cfa228a10700ce6e7e8de6719c9222e4269b9b4d,6.25588517664255e-05,-4.203711231113198,0.02330037575790205,0.0013480923098541098,0.0013367936514896428
P-budget-2048-seed-43101,P,43101,1,74002,12,1,stage2-v2-unit-30057-c265b2e826ad,c265b2e826ad2d902c944685a40146d6d665a991769f4f946344081cf037580d,9007971cd813546bb0b1bb1023949f424cc4362a4a0200895d0e5cca4998dfb7,stage2-v2-unit-22038-8e65a247c141,8e65a247c141a310fc93f8a6828cd5eba4c74c8f51f2a1fff74925e0448040db,a1d08218ea00c524ed1ab86018e6a239902f0df954fb4b8a1296091f5e83fd06,6.530761321243972e-05,-4.185036188044608,0.021858298601577817,0.0014180624925757002,0.0015697095386713045
P-budget-2048-seed-43101,P,43101,1,74002,13,0,stage2-v2-unit-29327-bda53b2e1af9,bda53b2e1af9c4e62c571dd4843297adcbc28273cffdde09b6a691cb4c9ded5d,0714a39a18828bbde641690ad0a46b90c0ee9eb12820f266882c54a9f896a610,stage2-v2-unit-13138-552b2f68bd63,552b2f68bd63547f87c02ae01d533267eaf6d2c62a8da55f7d6556f3ba18ab55,2086dd76f87d9eb4eaeb5c393859ba097fe55c429b1f7ce47d322e5acfd2488a,6.275504571817692e-05,-4.202351349696103,0.017215327727966714,0.0017791068230508245,0.0018661938479453966
P-budget-2048-seed-43101,P,43101,1,74002,14,12,stage2-v2-unit-10967-473f40eae2e4,473f40eae2e4191d05f350fe047844a91c6f35bf89f3f12f4351bb601712ea7d,4e35e5049c3835bf8138544ef1a4d54ee95906c6cc1f8e59733868c9b7fa9f3b,stage2-v2-unit-13342-56a37973c726,56a37973c72642c997b13318248e190ec332e1e762dbc2e98f06cf4d6b34269e,1d5bf04edf0d3fafe070a8e11c676c12a8df73c1cdd00723bafd0d027a0ca2a5,0.00012447828186168408,-3.904906414756213,0.02242433148005358,0.0027958607715845574,0.002755175698439416
P-budget-2048-seed-43101,P,43101,1,74002,15,11,stage2-v2-unit-37561-f2f49776882b,f2f49776882b5b15ae076f122dde0fb5ec76c0b8d0e197471654607b88f0406c,aded61db623760e9ccbe5468a6dec8d916ae83edb7df3d6df012e9a7dddd2528,stage2-v2-unit-12503-51153ce353fd,51153ce353fd0a4e64e64fb737e3d9082bfc92109901b5a5529abf67193f4a27,2f8b80d432d38fe57a3c8d29edcb28b64c42bda6d38b5ca56a2725057c95b227,0.00012949849002552583,-3.887735295500916,0.03802517925252689,0.0018161192647312419,0.0015894791458777036
P-budget-2048-seed-43101,P,43101,1,74002,16,9,stage2-v2-unit-05480-235b5abf448d,235b5abf448d062942a7e10d73a1c228d572089be6c10a92f6c9e000c32dbc6d,7a8e8c5b1603bcd037096f0134e1e8f95033e7626cefd136b9463847f2470959,stage2-v2-unit-28704-b999f8dfae32,b999f8dfae32cf8b0a2c59778e79ff90fdc0eaf0138e01751f1572d03a10afed,43afc83c14256d4b8ac1faa217deadb84431074822a745f92ea1f26a2533951f,0.00013216676836691477,-3.878877728883143,0.03078095592186638,0.002331273344680085,0.0019625104059741716
P-budget-2048-seed-43101,P,43101,1,74002,17,2,stage2-v2-unit-17465-70f170f21870,70f170f21870b6ed8d64775cc8a985b8a585d499f99adfb83855cbae006c5c40,814be36c5a57da1aebc5c8818020e9a03eb30f462696475ba3cb27c32ab811e4,stage2-v2-unit-18956-7a7b0647e04f,7a7b0647e04f07058f618befcc3114dce82a4a8057c459ac622c945273ee6a48,fdb1922948c04dfba365d26d4de92aba6d426c5c28f9183d9ff8c3010dacb7dd,9.120223711533981e-05,-4.039994508656984,0.028749345462371446,0.0016629927654321364,0.0015093311831151368
P-budget-2048-seed-43101,P,43101,1,74002,18,7,stage2-v2-unit-29727-c0427e3c5b28,c0427e3c5b288c646797d1e49bbd026273090d40532d10bd4a896186365358be,730d70f44ed8b4a563cd15be53cef8a3148caba659cb7e1890015b3863728e72,stage2-v2-unit-25999-a7a0fb4c6a71,a7a0fb4c6a71390b7e5caf099fc6ce0ac6f212bc723bce393141156b16c786e7,da5e91915ba67c8f83774ec8e85d589ef8692f2ad77640bfad24b942dcfe4377,0.00010071484825857624,-3.9969064972577626,0.033970366956567175,0.0015633082739441306,0.0014014771340953303
P-budget-2048-seed-43101,P,43101,1,74002,19,7,stage2-v2-unit-08860-3978db03d4bc,3978db03d4bce7c3de0fb040c89eaf7c67d5b8ee16cd9734343f257e9efa9f99,07bd16c2e909bc8d7aca216a67736aaa31b4bd2eec4f198c5a5da77ff433127e,stage2-v2-unit-25779-a64f36141ce8,a64f36141ce855f8792e323a8f054d44128bbe5abd986768a8d28ecefc227682,3035eb26aa869e8a9fe10c3062ca9288852302d1c95bd9cd51509808493f9d50,6.418803101837511e-05,-4.1925459461878205,0.01424038667215835,0.0022028646653780015,0.0023045993871164683
P-budget-2048-seed-43101,P,43101,1,74002,20,9,stage2-v2-unit-14766-5f79bf3f329d,5f79bf3f329decb0811a57bc3705c7e6e40b30a66181e27bcad3914fdf00f6b1,ed26ae3938c23708c25a2c6716f07e90fd9c2d756c5973aee36ea51e5c1e7f5b,stage2-v2-unit-00719-04b0051c96d9,04b0051c96d92b141d3aa16319d1109f43d9d94971d7dd28f54e1702e0b84617,079c25dbe80ed3e8066b21afd10b1d7e2d8825e42e0e50838fa80529153dcae3,9.921118399347506e-05,-4.00343936743382,0.026983488849260533,0.001935203230004845,0.0017415334791621717
P-budget-2048-seed-43101,P,43101,1,74002,21,10,stage2-v2-unit-32680-d4001419d2e2,d4001419d2e2f93e0d3ff15f75fa3be7e91ab54ad2809e8580b8a79ddb0dffea,c046f0d58f6e6c8ca6f7f77e7c8ab3e7e876b69cb72aa1eec036c8e08fb5a415,stage2-v2-unit-00920-05ef58d3e6fc,05ef58d3e6fc4a553b78ccc1412887dbfe1f4e0c2f8b39ca270fb7361e597ab6,6e00d8ec8aef1c832d0cfe2af79f8002ac0d00ae1a40d68585fe4640a692e7df,5.535941835432823e-05,-4.256808481535994,0.017472117218480493,0.0015589217173328507,0.0016095219041289965
P-budget-2048-seed-43101,P,43101,1,74002,22,9,stage2-v2-unit-28090-b5c26c6cc3e9,b5c26c6cc3e90b06fba9fe379717df4f1c4b17e6135f01378c258133e53ed158,79caa3a2f00fe16f8cb4f98aaf5896ce282ebf3ede074b5061fa5e4027d28afc,stage2-v2-unit-05361-229b06c2004f,229b06c2004fcab1cd1ea2f4dff4ab14150dcd88924a7c04ec0fd8ff6cb33130,4ca3f638c806afa703b6e80e4598b176aef26c281d0ceb0ce19c5feca1c54cbb,6.545793183931892e-05,-4.184037720460349,0.025022427765509506,0.0013212348537763319,0.0012947356049153314
P-budget-2048-seed-43101,P,43101,1,74002,23,2,stage2-v2-unit-13871-59f01d68c4d4,59f01d68c4d43fb38fbf5c950cc886046543f531af619e03a78cc45a557366f1,b0d3e036ba4419caabb5d101812e2318de300c8a29823bb86fdeea3e1c20355b,stage2-v2-unit-20695-85c5d7cb1f67,85c5d7cb1f6792b0e5a34bd69e4d5ec8bd3256f1a42bffa63f5fdb6ce6fa0403,864d3f5a4145d8b17354e49db1c0bfae4310de789863a76bde6a927580e149fc,8.376818749411541e-05,-4.076920881356216,0.028046463648595185,0.0015046374292069231,0.0014821272675362707
P-budget-2048-seed-43101,P,43101,1,74002,24,10,stage2-v2-unit-17216-6f3691daaa12,6f3691daaa129191b50b022026cd3646a278401d9551bc36991e2e3ea37602b8,92c363b327d2fe888676b6620c9264575197bac2cf0ab5f0006d6a37f4624743,stage2-v2-unit-00045-0061432a3946,0061432a3946b30c3dbf7f2705670146d358ceb896c54636ea507d658c886924,918547540dfda3b6cb138f9e75f50e56f067e7f2363b1c5131b00edfcdeef722,7.283550648651271e-05,-4.137656855412933,0.014007524804200457,0.0026671567520679673,0.002532584637265245
P-budget-2048-seed-43101,P,43101,1,74002,25,0,stage2-v2-unit-28878-ba9d355bdf45,ba9d355bdf4545aa2e08d7757eab57e69eb998e5554001a16b1624aa3f0ed837,c66087c2f3d5cc511bf6738ae801588072cdcdcd1c1328b808fd865ccc7ecce5,stage2-v2-unit-29901-c15c8d8636c6,c15c8d8636c6373921658becefdc29f714bfa5f595e56e8bbd0007bfccb5bb4c,569bd31efe2d21b72c11da9380fc742789183730f1ce663090d95d9b1987ede3,8.039434132456336e-05,-4.094774518639652,0.024722864647365592,0.0016309904985973844,0.0016208309416470001
P-budget-2048-seed-43101,P,43101,1,74002,26,8,stage2-v2-unit-08188-3552ef896a77,3552ef896a77b12192c836dff5c1633335caba406c7f5008e5b141af03dec88c,566c359cf4713a0efd512d838f2b6132175e6fd06d007738bc83b88844759bff,stage2-v2-unit-30034-c243c6e270be,c243c6e270beff5c220271a5625970e3de5949fa89da600b11277096702b8429,6d3e84de6bfad92fc433ff6ad896d10b89687991eda862c667be0b7d54521d44,5.070714223620598e-05,-4.294930864822252,0.01942564140584878,0.0013164205900011439,0.001293899510983465
P-budget-2048-seed-43101,P,43101,1,74002,27,11,stage2-v2-unit-28359-b78b83a38e4b,b78b83a38e4bb0717d12aa20fc190b0f441e6d6f103ecb2ae966eb8944a2b75d,25c00b7dc3bc0566a49c1d9f4edb81609a967c0a9d88fc517d7061fbda5319a4,stage2-v2-unit-17837-73427a9acf1b,73427a9acf1bb34909aee71a865ed2761c195d9cce7b0de0d8b85c5623aa30d2,a2804ef2e86834212ad5f835391c84993c082c1182ce98767cf0bb71ccb6fad6,9.294687356486975e-05,-4.031765213921784,0.02655470762334662,0.0017701371452858439,0.0017300660911132582
P-budget-2048-seed-43101,P,43101,1,74002,28,10,stage2-v2-unit-38387-f85b3e495b0a,f85b3e495b0a833b3de0f6871975d38d841d6752fa3f4b490689e96ddbb90d38,3e5906c9a1f39cbdc2882a4c0d40f55170cb082d62b36ed65a7ddd2aaf0c038a,stage2-v2-unit-22772-931d759da171,931d759da171f2bb2f7c05f5ec24473b5062d4a8a791a9b47b4e86d181188ec2,9f12f2dd3902458890024d11512e6869a88ddf80f37cf298870d4df6b47fc2a1,6.881415485793241e-05,-4.162322219549362,0.028046911351354887,0.0011731296463040053,0.001280408071124839
P-budget-2048-seed-43101,P,43101,1,74002,29,8,stage2-v2-unit-15123-619918aa58bb,619918aa58bb2cfa8a1c6a395c4b9f10abd7d5b6e3242a274f5ebb9fb3160d56,0eb1bede2139dc5c3fe7148397ffaac97e1eec991fe0fef4bbf3e2282e71f8d3,stage2-v2-unit-23842-99e5a1ae2c16,99e5a1ae2c169749e51595951756716a9009aa36025c29b59c27098864a3ed69,802d5bac7eddd264a1857dd35c5461108057d7af233578c1bc304bd8555a53c5,8.450246727420563e-05,-4.073130610483092,0.02042137658356105,0.0020101330592297018,0.0021278087160681025
P-budget-2048-seed-43101,P,43101,1,74002,30,0,stage2-v2-unit-07531-30f1382db1ba,30f1382db1baebc41925b4b4c22a7576befdc6f04f65041c500d5a088c340ec7,52e3dc63fb0ed2e215648ffc3b929fbcc8031aa44a63ff0627d5024bf8b525a0,stage2-v2-unit-24938-a0e7cc180b64,a0e7cc180b64cacf823a7f297a83ea544398956f0f4eea43d90d2005e970efb8,9b3e56f2105ba55f9fdd06e0029691da26962455c184647616aea67a48333e37,0.00011127082854045511,-3.9536186781132443,0.033093876159956785,0.0017061990226920898,0.0016560794847464422
P-budget-2048-seed-43101,P,43101,1,74002,31,9,stage2-v2-unit-24567-9e91da36cf4f,9e91da36cf4f991865b41936ef87c2baf8500570c4735fad43ee7038a2e8712d,6fbe0f89d7cf1eff782d13c2d116953976470411f7d7721a121e0ddcaada1310,stage2-v2-unit-10903-46c50d0a9924,46c50d0a99245a068e408eb7285f81b98850a7415f15d0c1d411616ec5bbbeca,792614aa58b9d3fa99bdcb9d59a862ad0ecd1acca53d10117c69133a273a8adf,8.639027302592694e-05,-4.063535153458314,0.029134707733254658,0.0014902251323292148,0.001474976160125152
P-budget-2048-seed-43101,P,43101,1,74002,32,6,stage2-v2-unit-16669-6bb95ddb0eaa,6bb95ddb0eaa073c70360ac8273b4d74b6d48ebbb7e2f134482a2938e8a85a2f,9a6cf426a46adfb375afaac85e24aaa308602fb3de3ab798c2116891de769b0c,stage2-v2-unit-15826-663966927a12,663966927a12af4f692fa1bb978079fe464060a289cdad693b2f33ab2e6c8f51,82030ac00fc37109d112183f067c4813fcf791ae15726084aa369fa5c1153c47,9.98242126115656e-05,-4.00076410672642,0.029001567308517277,0.0016036768997764739,0.0018383513033768395
P-budget-2048-seed-43101,P,43101,2,74003,0,8,stage2-v2-unit-18363-76941e7d22ef,76941e7d22efbcf94b266288eeadb1ccaf5c9d6014ecc40f64ed841609043b63,a7f8a89394af85a65b97d0a1a9f793e4b27fe7516c7a3b5ad7c7b84b74920f28,stage2-v2-unit-27998-b5117736834b,b5117736834bf5e648192b023696be7a32320e8f9e3f0a628cae03dd60d39462,4b285a773b542ecc9dfa922cb1898f7b1c2fadca6faf56a2e107f76c29600a22,0.00011739025399037928,-3.9303679577212467,0.01700353109014323,0.0035265262113171048,0.003377348834874283
P-budget-2048-seed-43101,P,43101,2,74003,1,0,stage2-v2-unit-02223-0e4bc50e1adb,0e4bc50e1adb31c162e1d0b8ef7054b15d7482d61b7f152523c5a2ebf6363722,93497e7f10798a04a61bae4a32e2b20b068591c4b2f209d51cdac7080c89c453,stage2-v2-unit-21142-88a80007d980,88a80007d9801fd78ca00220dec6981d39c0831f2e0bcc5e9c7bba625e4e34e1,5c3d7a7e85f9ae5bfa51d1af4213b7b50f79cecdcb8dc7a1861b353ce89b3a56,6.712182698720426e-05,-4.173136230968647,0.01886947101257612,0.0017131441268247727,0.00184402114518889
P-budget-2048-seed-43101,P,43101,2,74003,2,9,stage2-v2-unit-22574-91e126a2385b,91e126a2385b321b475cc2562a6a82af0683436826aa9fb2134b064cef1ae71a,4480ea2f6ef7d4372fb149ced2181846ffcda63b03d6ea332bff22b0c6cf54fa,stage2-v2-unit-14305-5c9a28c3bbc7,5c9a28c3bbc75bd566bbab1011aba584b37c018562feceb1e6d7ec5d3fa44f43,9e681fbeea5df61ccaf5b273c309a6218bd6e9858f37319d2288f633416fccef,8.346691207350432e-05,-4.078485653280167,0.02147687586152974,0.0020202044333927915,0.0018661574663383362
P-budget-2048-seed-43101,P,43101,2,74003,3,1,stage2-v2-unit-22295-900220e96afe,900220e96afed50d0f2b30ad605e26100aa20a60a2f31a0e6f492b899e258bb0,5f64c034a76f82d983e8b82ae4e4c868962483b83a5ae1754d66ba57a6398719,stage2-v2-unit-25014-a165a6de1bf6,a165a6de1bf69ce339e7d5bf457cf980fd0d8e65527b98a051eb732b46e3d32b,59133d8e70383df23b002e58c47c04f8e59559d48f56e595a0ffc77dffb23665,0.00011047592170143616,-3.956732366428463,0.025752545848476992,0.00209285211894894,0.0021970508037156833
P-budget-2048-seed-43101,P,43101,2,74003,4,14,stage2-v2-unit-17870-7375bb1cf903,7375bb1cf903e48a03314baf085a7f174f3cbdb5077b342fc61e63e6279f99c1,20be1cc27a54bbd8d350ec355183dd08f476703ac76c3c65d22d2b0e36ce1272,stage2-v2-unit-04070-1a7991614fea,1a7991614fea155bc101fde82fe9ed598a71eece7c8840dbf9c59e7c32f1f2b2,cd564168db68a078c2b7ade7126bdf0ef27599141a6e2c77c6eebf498d2b0ba2,0.00011328815486422172,-3.945815496544662,0.031088500400753335,0.001803308527541958,0.0018407448492325784
P-budget-2048-seed-43101,P,43101,2,74003,5,15,stage2-v2-unit-10969-47434e0d1410,47434e0d1410422f982c5d0e9ad62102d0786370ddd5c0d90f2f7e55da09d204,96f1fba36045fc7d3f5f0af951afc544d6c4c7732e91d22b9ebcc15d56d48abe,stage2-v2-unit-33406-d8d23a3ce288,d8d23a3ce288485b5600b9e686aa161ba4cc677243cdf552cd23e8a0f2f12c4b,23f3312bf8fb6eb5896719b417a33f15284b51d275db43ee0d9886ebbd9bf4df,0.00012192107044484146,-3.91392123296111,0.03690614718546306,0.0016571389564887795,0.001646404754865216
P-budget-2048-seed-43101,P,43101,2,74003,6,0,stage2-v2-unit-09522-3dc02d2a220a,3dc02d2a220ab2715ee55557e40d710d2accf8a544f23cf658f3d2a0ca03c6e3,1f5729b31c0b3604bc85b14125e98a5f64640bb7ad8190fe753c70839ccc8f61,stage2-v2-unit-36891-eebf1e016cd2,eebf1e016cd235890503bdc872532850b0958050bf9c0262b3e3b87d7f99be66,c6d66db9cc5ae758343c029ba274962b65aceeb3ba013c0863446f6d729d0c03,9.30026996570632e-05,-4.031504444681025,0.023743117702409708,0.002004440328164492,0.0019125978983538516
P-budget-2048-seed-43101,P,43101,2,74003,7,13,stage2-v2-unit-30221-c38fc07fd29e,c38fc07fd29e41b8f45bb6a83f2e01597f3fc7db2c437a8326796818c91ecd5a,02febd325faf25b1c3791d11721bd85e90a38866e8dced4139ae5fbb9588f25d,stage2-v2-unit-22173-8f42c2904e17,8f42c2904e17c436847bb719fe5621959b060d31b90a95706b561295d862abaa,15ede2f515d7c19f8f2ac19c6a985d54644332d9a7ec52bc7f7be7b15a7c5b72,5.7352889541562035e-05,-4.241444696675656,0.01773244174147429,0.0016575052195548778,0.001576842896611197
P-budget-2048-seed-43101,P,43101,2,74003,8,9,stage2-v2-unit-26211-a919cd7eacea,a919cd7eacea7de2361267014b43618a4332c333f8c44a9c3b5fb2669c1911c8,d2f8000b420358841068e3f0ec9dbd6c6974bc00de581a4880debdfef4438f5e,stage2-v2-unit-03697-17ef6a39445d,17ef6a39445d639bbfe56d98ce0171ebec31ea09b2dc36f839f3c8757bfa6ac8,367ef37279aa2885635550cae63f37f4250694b7a8aa2738e31b1006a1db5158,0.0001240973783183108,-3.9062373933112435,0.04262576615946972,0.0013528161862268462,0.0015585069288590603
P-budget-2048-seed-43101,P,43101,2,74003,9,1,stage2-v2-unit-06046-26f775cbe2ad,26f775cbe2ad5c16d4b364f8c9777927200f376ae22ea98d25529fb38c533425,a2d30a93399637988bdf83cfdae299d550dc3f0f6a3252d636d2ea49cbc404d1,stage2-v2-unit-01963-0cdc5e982919,0cdc5e982919966002dab05a897c9d61379283e81df4e6775c158f7acf5fa9b9,426abee6e8caafcdb61c7fd97563fbd962c1388126422b166da143bb1f6e1986,4.9378019667756234e-05,-4.3064663316704275,0.011188581318866575,0.002245692696988044,0.002167558479413856
P-budget-2048-seed-43101,P,43101,2,74003,10,10,stage2-v2-unit-37797-f46e1470f916,f46e1470f91627010ea3ad538397de86bf8fc9bb65cbff2cb7b343c49941713c,fa6421ef7576747a3825429820d3fc55fc29bbdf73499e6feea8926a8208301b,stage2-v2-unit-04880-1fa1f9dc2aa3,1fa1f9dc2aa377dba0d520dcd7d1435dd859b9fd21208eb855a298ff98d7dfbf,16c57ef72bc4112af1ff76c686b142877c3ba3fd5419ce733d96cc347fed7f55,7.189992200551387e-05,-4.143271580724118,0.022723946222631443,0.0015049589287627896,0.0016591007508850453
P-budget-2048-seed-43101,P,43101,2,74003,11,15,stage2-v2-unit-11633-4bbfb8182040,4bbfb81820408f9254dd7594182a5d2308ad287ed014fbaac77927f498e1006c,efe59fee291e35ac27ccd5b19fbc0f7efeb5bed4e2977027cae29c3cf9122fba,stage2-v2-unit-24934-a0df3dc6b124,a0df3dc6b1248a98c102d5e9a1d324373694311b0bb10ca347aeec8786dc38bf,004aa72b033bd140fddfacd28161371405fbec73699864b1820d2a388821895e,0.00012087705681551597,-3.9176561229935,0.03405578808021242,0.0017738745602855488,0.0017755090725586342
P-budget-2048-seed-43101,P,43101,2,74003,12,14,stage2-v2-unit-30651-c68d82c86943,c68d82c8694371e68a7d395c7c0925356d928d752e9ca57bd36154296bf661e8,67ff69512c4cc75cfdedd6368a5fc1088329caef002b3be9b27a019868cd1dd2,stage2-v2-unit-31986-cf4cf9a153d7,cf4cf9a153d784a54ad28f098bdc887c124ed01c0666777318dfa7fa1b58beee,e5b24750e65c91a0c26e56afcb597f4c235785a195c75beaa136fe7f263d2037,8.012306165028349e-05,-4.096242463866492,0.027762787740185375,0.0014078488231916708,0.00147813879448222
P-budget-2048-seed-43101,P,43101,2,74003,13,11,stage2-v2-unit-09092-3af1784819e9,3af1784819e95697737100a524b941a26144a841fa383d0ca621685eca2b7878,06351b6c0d2a8496ecdd19c2674b0fb80151e7100e43f3e4ccdabd59589aafb9,stage2-v2-unit-07856-3324ebc86899,3324ebc868994c12405749c9f83ee2ac7d788254762da429326f71186280d36d,d0b0561805bf2948d762fbf4a421bad3d706e0b44ec3a194c7e1efbbf7ec4bb7,0.00011256720551955368,-3.948588115135996,0.04699665105784146,0.0011240867872857052,0.001271130807708687
P-budget-2048-seed-43101,P,43101,2,74003,14,9,stage2-v2-unit-09931-407dd1b41370,407dd1b413709b299b305afe83ecf49ca01e8673b686cf15d07879c35b5e66e2,1db429ab110f93f5c28b64c33f7f835e620ce5394e05298a709fff6315cd72bd,stage2-v2-unit-21633-8bc3c7692a0e,8bc3c7692a0eb4bcbb4e1cab1d8ed62e547f47b986eee525c9ee437cf25e6996,d1553fad48463e6c0c5942e5650adc28aca28ce7bffcd207cc1ffff59189fb89,6.455856743059485e-05,-4.1900461152731365,0.016624241657456656,0.0019499567347338598,0.0019334425060151261
P-budget-2048-seed-43101,P,43101,2,74003,15,3,stage2-v2-unit-00150-0106444f6029,0106444f6029862ac4a153e9e235bdcf8b729a17f60991c2e6050d2be1d91803,ebcda1e92425c6d5c05ee8d16eaf052aa34e43968926f0c56e762f2f3aae50a4,stage2-v2-unit-39015-fc7881abd1e7,fc7881abd1e745004882677bf49d32ca2ab966245025258c3bb88242a11d3531,6c8573266a261f847c3bba17e02f880f2ce6d816c048804cb6f0743e0c42bac6,0.0001382708710480074,-3.8592693012756443,0.02458019787999855,0.0028724767134917784,0.0027528185637493152
P-budget-2048-seed-43101,P,43101,2,74003,16,12,stage2-v2-unit-22613-9224e1590508,9224e1590508e1d5a01a3a815a041896b9d8b14c6df1771752422ed2ccdfa581,1272ac3ebe787b1466e5e8c44ba69bac663f328b4f7f120072f3ed2815e31de9,stage2-v2-unit-18956-7a7b0647e04f,7a7b0647e04f07058f618befcc3114dce82a4a8057c459ac622c945273ee6a48,fdb1922948c04dfba365d26d4de92aba6d426c5c28f9183d9ff8c3010dacb7dd,6.0913637696558e-05,-4.2152854641274065,0.017465984165595708,0.0017283245779253775,0.0017592337021596904
P-budget-2048-seed-43101,P,43101,2,74003,17,13,stage2-v2-unit-09032-3a9415511896,3a9415511896f0512dab5ba8b0e047bd098e251f09319f2451abcb2ea7f20be8,79c2a2b0d5f81dc7ef32c37172efc4d4fcad720d6b9de7769e3070e9ca377239,stage2-v2-unit-28925-baf71dfc3fb0,baf71dfc3fb02a3b9363d7ee8e8574db21d009cf43ccf576f4c84d3b4bed7053,031d9a8435a7153bd46cc515f4e00b2c94ff4f6d0aa3fc9027b6d50f611a62ce,0.0001308115455742609,-3.8833539230002314,0.037773080317789746,0.0016736095108171867,0.0017894796646942268
P-budget-2048-seed-43101,P,43101,2,74003,18,6,stage2-v2-unit-00180-0141e682f812,0141e682f812373b625356038adf5e766f4f2a879f82434578921ec20d6ea770,4839f3ef8446f29595666ee85fed7af9359edccec1cfea5799cdc150b1821227,stage2-v2-unit-01477-09a62bdc6eb3,09a62bdc6eb32d394fda18241560ae91de42a56791c682d6dd7ab016c0f26317,b12d83779c120b84a48930bd01c7d0e9bf6620a60f41431ade636885939ef097,0.0003245780296765588,-3.488680880422167,0.07601916552101301,0.002212462676652649,0.002057224151030823
P-budget-2048-seed-43101,P,43101,2,74003,19,14,stage2-v2-unit-11447-4a72b60dd1c6,4a72b60dd1c66a1fedc695dd506f3271080ccfae4a67cf49deaacaa8eb8af1ee,282c90fa4edd104686bc5511f2298fe86278f817a71843e7bb9900dd5ae43131,stage2-v2-unit-34935-e28a0d9063af,e28a0d9063af0f18a8704ad56065a543b73e3e46ca8936c18dcaf574f9f22cfd,e547ef04f9b4b13c1c112d38799a4884fec89d5b1e086b892ea3e44fbde104e1,0.00016654509840918763,-3.7784681445108856,0.046381158326168216,0.001955698344772827,0.001635093787626829
P-budget-2048-seed-43101,P,43101,2,74003,20,0,stage2-v2-unit-11743-4c6da8385eab,4c6da8385eabf0eebf2c429b5ec0714a71f08caccba2442821b6bb31e1d2305c,d8a157459897131fbdcddb6ce1f7a81e986dfb446299ded22d9faeea054b1737,stage2-v2-unit-36438-ebd6dfba022d,ebd6dfba022d3bff181794a529763f092becf650c5ae69c0e9951672497f5fea,ffb8cc4c8fcdb60a15d2000a81fb763cbdc2fa23ab9ff3804e1d2eb6ca7ecb0c,5.266659547942254e-05,-4.278464754782611,0.014138780330459906,0.0018451700286732375,0.0018798044209233922
P-budget-2048-seed-43101,P,43101,2,74003,21,7,stage2-v2-unit-33737-daf67da6e03f,daf67da6e03f5dce354dcdbbdc54a222bee3de944cc68ca780809efe6818558d,a6717bd83554318bf97fd8c5723091a9f4094204144c46ed13838a43c44c865c,stage2-v2-unit-10650-4531c3aa8183,4531c3aa8183b3194bf81f065e220f05496f16e66ef92753c3b540dcad155c4e,999621b8bcf3a4a8f501f46eeaf462b8adb73178dbc05dd1e871a208b6120349,5.646744264709014e-05,-4.248201880572075,0.01546647796979527,0.0018001958965214726,0.0018507608861000335
P-budget-2048-seed-43101,P,43101,2,74003,22,7,stage2-v2-unit-35812-e7b1300124d1,e7b1300124d12c79f0911a7ca28a238284134e86eca916c7659e29774991e131,caa376104e9efbb400b39e7aafdf7cc10adfcb79e7366c8160d7b6735fe73c08,stage2-v2-unit-05180-218d4c70c6d8,218d4c70c6d8784fa812354c2fdefa488ad8cb7614ab81b57183c91919ba67b6,ddfe7a9390990995aa91fa47f2553c06961309f04f06388148c0e5ae0412448c,8.588751427396346e-05,-4.066069966274024,0.03344335782889192,0.0012369990276965837,0.0013311496227288444
P-budget-2048-seed-43101,P,43101,2,74003,23,1,stage2-v2-unit-06387-293b7ad0eadb,293b7ad0eadbc8c5abf5c17ed967fecf1b6e3b6f4b1946bdfe9620d7d9481120,c2306b4047828c167f689d24f44f2fc010ecc88b929e3d63e528a6a52e67062a,stage2-v2-unit-15555-647cd77a2264,647cd77a226498b57bea68fc353355a6c962c09381a1cc926343c1d807ca265f,86d7eb240f3ab6e704bd1dd99e630f704f9860c7c0db499f70f44e205a40b800,8.79030329770103e-05,-4.055996139915365,0.03668266356510289,0.0011663390964713471,0.0012299708885166183
P-budget-2048-seed-43101,P,43101,2,74003,24,11,stage2-v2-unit-36288-ead3eb363fdf,ead3eb363fdfcf7f01312b4b89dc289fffda08786c3f53a7e988453ebec0fb4c,67c8ab5bba84130a5eb8c556f20e656f05e7358082b708034cacea615c92ef17,stage2-v2-unit-35952-e89991c5882d,e89991c5882d9cda66969ce03c9df2ef690e103fc79f7d9a58c399e7bfa2469f,9c06f0c6534216aae55c4a4681e04736271700c803c6b90e72b5fdfca08de088,6.761597489912674e-05,-4.169950685849574,0.01978823492988222,0.0016654638820909895,0.0017515146982987062
P-budget-2048-seed-43101,P,43101,2,74003,25,14,stage2-v2-unit-35069-e34da40759bc,e34da40759bc8377bfa9e8f024787f12b171be6e1f55e04c7f67ef7cae6659a2,725e2f613e9a821ab4ee9622bf4b07392e8417a45d054b7eb2c141b55b27d195,stage2-v2-unit-37985-f59733604011,f597336040112f7981dbec2dbfed3ae537574abf20d1158210712001e8fe3005,b455404dc0a4612773a524afb8ebfbc14123128dac076d61ce976480926e75ea,6.950533645522228e-05,-4.157981850027382,0.01800627032206276,0.001899323732686753,0.0019607391905083205
P-budget-2048-seed-43101,P,43101,2,74003,26,6,stage2-v2-unit-01323-0887badd5d81,0887badd5d81521f3380b7ad1d929bf2105d146b6a981ce3914dae11a2e5d9da,cf90641a6828a31408325483aac07c71624d6bfc66be246bb53f803299e75ea9,stage2-v2-unit-28087-b5bccb081761,b5bccb0817619895899725459e7e465de44ddfb6138b5666522895b4b6f1ac4b,ff8e6b42436b854ae9abd40e087932b1ded662915995ef1219f413ea629dffe0,6.317630973740052e-05,-4.199445745754235,0.022074305439755092,0.0013695810819172038,0.0014924029524081561
P-budget-2048-seed-43101,P,43101,2,74003,27,0,stage2-v2-unit-01095-07151be67227,07151be67227722f1ddc44c567b2a45ac5178ebf65021d9c0097bbc0300e4a4a,3813ec739d320e99081de1a944cacd900cc2d6bbb2895aae9deb2e2fdaee1623,stage2-v2-unit-30516-c595c6b4be95,c595c6b4be951f1d38ed5c9b0d59171a9020a9d2eb8376db67e30f7ce554b83f,89d1204243515d1c18824e836c00d9b80945c06d5c73dc003b393d771b556e8c,0.0003068646446990897,-3.513053145770183,0.0460772468521495,0.003265155621647864,0.0033946312723855954
P-budget-2048-seed-43101,P,43101,2,74003,28,10,stage2-v2-unit-01910-0c7e479ca5f5,0c7e479ca5f5a914740556bc5d6dd8c5db76479f9acc53ca5524cb0064370618,9c5d68971aa678e857a7a58e79737dc21a06eaa523d139a9fe47e5fcb69c5c7f,stage2-v2-unit-16230-68c776ba3339,68c776ba3339abe2f2553854ba25b735622f8644fb76044a25336ace3e6dd99c,f1c9d9e872ef2867cb859416ce051d52e73409c2e2c5ea099fc98be49b00215a,0.00010959876570382221,-3.9601943368282693,0.038537244040288604,0.0015003828671069641,0.0013435871269393829
P-budget-2048-seed-43101,P,43101,2,74003,29,11,stage2-v2-unit-19216-7bfdaba0e7c6,7bfdaba0e7c64ffa173398d8c97963913f585cdef317266710dcfa0f7ef97fd0,83d9636634c5f3271589f6eb7e4660f0af823198cd891ce385108cb7b3416ea2,stage2-v2-unit-30332-c46363803a5e,c46363803a5e26227a75b99f5bc5806aa912447979f851e2c59bd6246ad86790,5b548806dd76c70dfe559ea5dda3b103e09ee72da4336fd33df7eba061a47804,6.763816116972521e-05,-4.1698082077670335,0.024247123061580833,0.001432607683000242,0.0013569257803283108
P-budget-2048-seed-43101,P,43101,2,74003,30,10,stage2-v2-unit-20882-86f331e80e83,86f331e80e833ab37dcafc5709b5ab26fce5ca6b8337998b39a09bf97497a358,d183d744be9d29b1455b99fb236f38ae042e1620f8a1383847a53b4dd7f2be7e,stage2-v2-unit-27149-af9556df1849,af9556df1849aaed2ed1bbce7b59530303bb43f4608ab82d9b9f14faa53472de,18a7a872c087f2b6e141ee51c9cb867987889b39a9e2181468760d3270aa0e39,6.85310291572705e-05,-4.164112746163526,0.023983860016466317,0.001456826130834088,0.001400555004238413
P-budget-2048-seed-43101,P,43101,2,74003,31,5,stage2-v2-unit-23594-986e068ac378,986e068ac378680d680a1fd61b7ce1aacadb2fa6b876431494e1fc034c44e8cf,7875bfcd153b951683f20afaa11bb4e9217626fee79d43a9705633e32cb16c28,stage2-v2-unit-15694-654cd154611c,654cd154611c68dec5251c5f3246f014ec64ce77298164623962420c3a83f7bd,041f0b713b8d78534e6a4a6a801227a7c7e6058f96d4f35617fa5396a8194187,7.055585246007468e-05,-4.15146695659852,0.022173521549219994,0.0015438349216765346,0.0016381518594243971
P-budget-2048-seed-43101,P,43101,2,74003,32,6,stage2-v2-unit-37972-f5860ec30893,f5860ec308939cc09546870a34f458d727e216b9a3feb0f5e8051469b5a911f7,b0de9507aca5af066404174d423e0fc0ebb9e162d470b6861dee2982c85b5184,stage2-v2-unit-14917-6064341c50e2,6064341c50e23f45e6540f260fd3456fe2b1b1452b33b858ff8dba4758dccdd8,abbe7bfb8f698d98811c10ef7cf4d7508ba7d2b4409ffe8651b8d2251b573097,6.87819144502555e-05,-4.1625257403545,0.028054300276167714,0.001279447090382746,0.0011722952012860333
P-budget-2048-seed-43102,P,43102,0,74001,0,3,stage2-v2-unit-31452-cbb76b4a2d02,cbb76b4a2d02bb0ee7fbf58a68d2a0229ab6be5d4e00c04a70c68d85cfefe886,a58aafa2e5d5a68debd39a0a4eab0462bafdba1990f0d0f25ed16195476ff6d2,stage2-v2-unit-27886-b43ac5dd6c5d,b43ac5dd6c5ddb4c7e1b8c3ceb18e8d8207b439761935ec542f7f69536d88bae,ed42fd846b2268ec62df794c2d89ea4b4fa1f7591096a105ba277b32b24f984e,0.00011355635325571711,-3.9447885628382298,0.03910268970123334,0.0014879912180276733,0.0014160635701045976
P-budget-2048-seed-43102,P,43102,0,74001,1,0,stage2-v2-unit-08447-36dd461ee443,36dd461ee443b9f5c8d5e208fbb5004b907221f57c6afa81f308950fb4d85f5d,bd607acab2474a4620c15544b5b40ea231e233db04f3dbb0152c9ee88bf3b5aa,stage2-v2-unit-38893-fbaa13e3bbf6,fbaa13e3bbf65868ff922abed5f31da16531be5da5bfa6d7e5d78e0024ace529,d6ede050c0b92bb4ba9fb56aa5c805d66218b47858846dd88bcb81e2fb40e9f1,0.00011925881869956356,-3.9235094968081725,0.023177597826601292,0.002372965813265182,0.0027724689980459516
P-budget-2048-seed-43102,P,43102,0,74001,2,12,stage2-v2-unit-23023-949efb85bc5e,949efb85bc5eb2cc501a029988c53f9788d848236f0d5a9af6104415a2eb81ed,4734080bbf4bbc58dd244a98cd3fa08fd08748d22e1f2432d50fcff27eb15554,stage2-v2-unit-14984-60c0c49e2c76,60c0c49e2c76132b854b3ba3e81dee88c1d4b62d03e98224015e420e1c903aae,6b13067fa25419e939e2f3809293a0fdfc8a249246ec740db9b58168d6258279,7.252978653582431e-05,-4.139483600719006,0.02243652390282528,0.0015554544188489672,0.0016772115168350865
P-budget-2048-seed-43102,P,43102,0,74001,3,12,stage2-v2-unit-39496-ff791792deec,ff791792deecb8c78b6d410daed0ee14ac38656e31acad7f12336d75853e0b8d,b2b14fd6d64667caa7dd93e2343af34882fa3638963c851be9d165899699e6ce,stage2-v2-unit-18368-769da613f002,769da613f002b6313e38cf93915a15676f9d41cc0fac2f02ca4f47374e7ab2f1,6da7e9dd6dd7c592e0f58837a2f38e9533dc0af33386120d3d724ca433a4d4a1,8.2975000168517e-05,-4.081052738037334,0.025053504910799516,0.0016336154897089727,0.0016782963750756608
P-budget-2048-seed-43102,P,43102,0,74001,4,5,stage2-v2-unit-38819-fb42bb0a229e,fb42bb0a229e8538395b160536c7d178fb6a393c010a846d96055baaad7ad51d,a21e4950777c019de47b41c5c914e79df5ae5c7480a9365ec9aa82dff7d9d732,stage2-v2-unit-16287-691dbc1426b0,691dbc1426b012ba90d0a258f372ae440cacc823f63bc61891fef4bbc6f8cefb,f659d49fdf52de32a1da5f431acd1e83686b5af31463e45f9681d612c1d5938a,7.874101864047134e-05,-4.10379897121871,0.023333138007069393,0.0016393950281781144,0.001735248305976711
P-budget-2048-seed-43102,P,43102,0,74001,5,10,stage2-v2-unit-03704-17f68cfd7dab,17f68cfd7dab665eeaaed7593562f9c840cfd9c6ed619568ad64b4167db83239,51aef2eafd9296aa301c5202b4bfdaad5f9915c053d3ec408b830ccd21f07e8c,stage2-v2-unit-33841-db9d0f8314ee,db9d0f8314ee732861ddc20b991322891e1f3efb9509c1598657f84a50d680be,5aebb70acb69ff0e7501e08f399eab838256afabf929692b3c6fcf612a79df9b,0.0001727050603221869,-3.762694937257059,0.0759346461003342,0.0010429489473153808,0.00123144185045021
P-budget-2048-seed-43102,P,43102,0,74001,6,0,stage2-v2-unit-17366-701efd168d66,701efd168d66d9c6ffe81782f140bddcfabcb5b147db2ea78faeaa35c221a4f6,bc152b88377ae7e3a3064a2f1031c8bca8ef3636c1055382df7f4accd18bc832,stage2-v2-unit-18338-7675e5102bd0,7675e5102bd0db2a89259c9b2fdc50dc6d2d1bc4581ff6d5f34ae6a9a073f4ae,accc22b95e289d974db4a9038add9a038df92aeb448951c2a19215ae89065c2b,8.72881702775885e-05,-4.059044610031948,0.03594704026996756,0.0012306011135478911,0.0011976424809745367
P-budget-2048-seed-43102,P,43102,0,74001,7,4,stage2-v2-unit-12482-50fea7f8b45c,50fea7f8b45c0d77c60897a8dd57749105ac6fb2bcadebb620a6947e4b61a936,b2b4114e2c9b93e978520fb57861c0e34c43b823efb935862784330da6b2474c,stage2-v2-unit-07349-2fc9791d29c7,2fc9791d29c7291b859a7851afed1e55e4e26f926e495ea097b1bccec0837d84,47859b86107478fd787fc6896bb18e28f2f7468dd4617ddfd5c87fb61892a163,7.430832593513514e-05,-4.128962522644476,0.01141911537136366,0.00328571009413281,0.0032216526496995357
P-budget-2048-seed-43102,P,43102,0,74001,8,8,stage2-v2-unit-38315-f7e125a2cb11,f7e125a2cb11d65bec69afa43dad799c2da893d63a57d3ac35175479a5c39a93,2100e9db98b6cfa4cbbd8f583a62aa3f519bf3dab970ef3ae843839006a51358,stage2-v2-unit-35802-e7a273a87bb1,e7a273a87bb1a2b978464a1f687da7c420209b45fd1306dbdec732d39bd1b4ce,34bd30073bc74cd8a70ec4a7c1ac2d9e37d0d20d508353c3fb9a057b24e97657,0.000140548401873275,-3.852174088239137,0.03515593204899613,0.0018390049792742502,0.002158852385946375
P-budget-2048-seed-43102,P,43102,0,74001,9,8,stage2-v2-unit-01384-090741b51363,090741b51363f94e98710aa8fe2f6c710a0a96603802c3e07fc2d8e03be3c06d,0fa70e894098eef57eb0e699471df345af7a391a3193859b8bf0a7394078ae78,stage2-v2-unit-29238-bd22d2bfb84a,bd22d2bfb84af40b416241e21ff3f5b09d0fd2c94c11d308dd74772785acf83d,58e95c9cecc9b4ce72c633e187981a48b1ea08f36b7dde2be55dde0ce7f199ef,6.249613232967022e-05,-4.204146858813631,0.013544531273203977,0.002267625268359552,0.0023464976620743982
P-budget-2048-seed-43102,P,43102,0,74001,10,15,stage2-v2-unit-10128-41ca69e8c3de,41ca69e8c3deee34e7a5d7d4c7a6c4a982f9eb6159e2986cf713c2d81aa57b5d,36252b479049acd3ff03e90db0df26cf1ad4bef01d0c4025ebc82dcf06826379,stage2-v2-unit-17985-74311e7a32ce,74311e7a32ce29c162b81064e6b148f87b1d9273977eb9254ccdca9863194895,c18fe62cf2ffe94307d852ba3f504795ff1aa73b50758d8215df00e2f2b9cfa3,8.321667698396595e-05,-4.079789630484202,0.021560462589096545,0.001934447085204738,0.0019252417614552542
P-budget-2048-seed-43102,P,43102,0,74001,11,5,stage2-v2-unit-19923-80960b1d3cb6,80960b1d3cb69c1a669b647663f3f68ce32fd1498beccfc1a209e7270ec54e21,3ef2bf6f7100da75d8e57c35d81b036dce9014397c26e06b49f5e0b47483d181,stage2-v2-unit-28651-b937f6e4482a,b937f6e4482a852cecda1249eb9a8e6d841e6425108b5107ea7b68bfd5e8f263,34dccf2742e389e6a107211e1f7aea5d4c2c0d705f099710cc4b978c5b541f3b,0.0001556842965442229,-3.807755191337679,0.039229941670447396,0.0018727950136963045,0.002095711945912626
P-budget-2048-seed-43102,P,43102,0,74001,12,13,stage2-v2-unit-02348-0f0c33992460,0f0c33992460cb4118b599a511838aa39a085a0c4d00338d290b3a0089926a9b,d6ed86dc46e2f3c1be278f524d148748dbcb84c402ad6bae1d16df1b54fdf8a1,stage2-v2-unit-19095-7b418cd2bb6e,7b418cd2bb6e75040114d7587a72e017523eb6715d2e5f1c0cd4859e75256f67,170a06b5b8e8f7db564ba8db9bfb1fc423410e8188dc0f5d77230cffcd398d3f,5.989297001463001e-05,-4.222624150282243,0.01934085014825847,0.0015085626600921387,0.0015881455794897192
P-budget-2048-seed-43102,P,43102,0,74001,13,3,stage2-v2-unit-16117-680a3557c171,680a3557c17135a879afe2d567f52e5feb8840226450bdeb0d4f52e110916817,66e90458ed79c8830ded9e7bd48eb60fef1330df2ded6bf1ed61540aa129e029,stage2-v2-unit-06859-2c7b28567f5f,2c7b28567f5f594519bd4ce6ecacbbdae150d134b7600edeb943c15710d1d95b,e00ddeae49475a2f4ccebd983ef06a62c8d4c2c8f15db1836feeec05a8583f32,8.636061477318435e-05,-4.063684274725356,0.01891086467682278,0.002400842842689599,0.002165876672734157
P-budget-2048-seed-43102,P,43102,0,74001,14,9,stage2-v2-unit-11024-47a62e49c0ab,47a62e49c0aba7374583d6f1339832c4b53353059b343b0f9b12dd80c02d6fee,4fa5ba864a436008936bf525ecb0dc56bf46c5189ace8dc06a40e8465d8e4c2f,stage2-v2-unit-08327-362a00336e02,362a00336e028f29ff51259fae5f1da7464758beb3eceb2dd05dcda5f11a1556,30b68aa45e5a46d674d2e6de7aaf72eb95e80cf3de42b7525d166ee8a06fa89e,7.056133992477953e-05,-4.151433180761544,0.019462795273527168,0.0019024796588382742,0.0017229677105206065
P-budget-2048-seed-43102,P,43102,0,74001,15,13,stage2-v2-unit-25886-a6ee5dc61a9d,a6ee5dc61a9dbf4e6241a9e9b50ebf59cd8f2c93484c93d57052bc43a1721b7d,5d4624ff6548ba5145103df90937950690a7334c4965511b0bd2665c4c870385,stage2-v2-unit-15593-64b51e99d2df,64b51e99d2df21f45521562e69343a4c32e3449d39239c444235ddeba3e61d6a,4f968c12fb99971bad88521f942ccc7418558e0711f426f2ba030c87ff502fc6,7.234106971054644e-05,-4.140615073595511,0.020264792783056602,0.0017661644556028477,0.0018036262886198529
P-budget-2048-seed-43102,P,43102,0,74001,16,13,stage2-v2-unit-09705-3ef776548df9,3ef776548df96eacf549ca4e8f7314c77774cdf6e1bd0ba9849e9850f19bc88f,2a2ce9d4f957896640bd98ffdd63e72f0e91318bf97a01a60bbaa26520675daf,stage2-v2-unit-27216-affec99711f4,affec99711f415a9aacab477068f4b0257f3372abdab6ab65914bd6b32b2e055,a2114cc1eb96b43e6a5f1fea4a85aa7eb9b8bb14bfc7a46ea502ab25350fc6a3,0.00012333275401488208,-3.90892157061535,0.029977375302817647,0.0021575760108589748,0.001956618536496535
P-budget-2048-seed-43102,P,43102,0,74001,17,10,stage2-v2-unit-30836-c7d6d8785156,c7d6d87851565560cbf35419bbb247915d22e1be6cef7c9486a48bc72b7a2779,f011ea54a393ad22671e9d096f4cb26d595a1ec018716553f953f57769e924c6,stage2-v2-unit-23719-99219d6596a7,99219d6596a770dc70f12accc0f2896d697b99d8ba2935e680390f2b4d646d74,3dc6110138702c591431a6fba91be44dcdd0aaf66ed1e730a9e7e13f8e0b1a7a,7.996828591672056e-05,-4.097082212784636,0.024189929208075944,0.0015968630636962189,0.0017089872853830457
P-budget-2048-seed-43102,P,43102,0,74001,18,3,stage2-v2-unit-22432-91007531793c,91007531793cc45e740d742e64c144a615396064ec7d6d0a7265559fe2ea273a,5b9f158ff80939c1a411d7cb2a4e90823ad0cacbbc57d95081146327a9f7b83d,stage2-v2-unit-32902-d57397a4bafa,d57397a4bafa3d720ecd477d33fd3d5a08d91dfc86fd1cfba490f5563a518aec,09bb688012b603f1b37ac70340b9d1e8056a63c57d09410d117360952b90e309,0.00015360723045887426,-3.813588341111249,0.0662518429264896,0.0012155769884429901,0.001102958220144501
P-budget-2048-seed-43102,P,43102,0,74001,19,4,stage2-v2-unit-31921-ced0e669b784,ced0e669b784eef9c9bd2ec4f7a70c9aaa7a60dec9c1006e81221bbcdde22d70,51f67e19570f9c8fb6c8277f22e2435e4aa6b6f9bf401cb373b91cca053d77e1,stage2-v2-unit-02211-0e394ddbd02a,0e394ddbd02a2f96a5eff5e47f99246bd1f52c5dabea16a9c44689fbf8e4b861,1438df18588e6ec30dda68771830c52d17bbe219bab972479077dcec7fe35256,0.00010345395509148148,-3.985252901406447,0.040461482787838114,0.001239581593836192,0.0013172687231417513
P-budget-2048-seed-43102,P,43102,0,74001,20,1,stage2-v2-unit-09494-3d921e82f4c2,3d921e82f4c21af957a5798954ab437c70e16cba2738d462280976453d64191a,92920c45834e406e84d1a9857476c23b211a2d7ff09ca388efc240492bec3450,stage2-v2-unit-13468-576f93cd8907,576f93cd89076cc177ff43485313c4d3a11fce239d6e3651eb68055eb5063ee4,93a068cbc9a1012943faeb6192d25e74ec969f488c8f747b601464b4d4a2d56f,4.347286684946994e-05,-4.361781719002831,0.013604368075896307,0.0015872694314111868,0.001608238555945718
P-budget-2048-seed-43102,P,43102,0,74001,21,15,stage2-v2-unit-39504-ff8b8a75e51b,ff8b8a75e51b606d50ab96ce0365c8b7af41064d3cd6587c9ecdc0b48efa182a,79b5492a4da73396b11290d8cc432ddc040c10be5f81f0fb03aa46c46b642ee3,stage2-v2-unit-32632-d3c42fbf147d,d3c42fbf147d89499c7062963a1f1bdc7e2a6ddb7bd902e42e16f3602895f279,5d1c499576ce73e467565b93bee35d8b55f9c795bd31e395edec713a4a30bcfd,4.8057853348382196e-05,-4.318235632195735,0.017989890702539594,0.001331946588379651,0.0013394344746302522
P-budget-2048-seed-43102,P,43102,0,74001,22,14,stage2-v2-unit-13686-58d36d70eb84,58d36d70eb84ea179427decb4a40bb40147b445241020222a68d29a5b3beeeb5,4a08e2c6544ca9553f71bb68ac3ae37141c4fbcc2604a797a9f26ba7a12f2fec,stage2-v2-unit-04495-1d4b008d8b81,1d4b008d8b81c8efe60eacbc9905e7e4e0c89278f4508fe7638087e94c2ca5a0,3eda24cf639f9172571a3f03d34a0d1b421c31a25ee7c1961c2c0b7d87951380,8.708654246447622e-05,-4.06004895159365,0.02982712800299899,0.0015282811064025736,0.001391428174883913
P-budget-2048-seed-43102,P,43102,0,74001,23,7,stage2-v2-unit-15570-6493a1aab058,6493a1aab058844d7ece06308edc59d4326f63b0dffe81249b32355404b84958,0cdac294bb2eefa2e36b4241a3ce15bb5a259cdb7be9a7e15f98d01eb989f114,stage2-v2-unit-28295-b72053e31424,b72053e31424d653e8711296e5c5f5db4e2ea9df922b760e7fa7f5725e46a4f5,094697017f50655dc41d82bac2152c27fb90faab6c1c1354076fd606746bac7c,6.487826567536104e-05,-4.187900768194061,0.014261012383205894,0.002286731221829541,0.0022626137988481787
P-budget-2048-seed-43102,P,43102,0,74001,24,13,stage2-v2-unit-02921-12b2599ac2a6,12b2599ac2a62f344c3b6e36e4766e54d8a5adfc8b647f33c7fd81e11ec4f663,f98cf3e6c22cb16064c59f648fb4ef1d45b8da599c8f818b7fe0069ac7cb478e,stage2-v2-unit-07913-337043e5bd3a,337043e5bd3ac88ebb7cef7aa82ef29254186b8a5244f7b2963c7194b698a4a7,bbd4f975a2dfb09284dd98743ba648f15d5ae5f17f3c77ba3b13579e7c5616e4,6.294259605965635e-05,-4.201055348630739,0.008722704944328596,0.003589824467781,0.003626124766014982
P-budget-2048-seed-43102,P,43102,0,74001,25,13,stage2-v2-unit-20182-823345e564a1,823345e564a11e962fb198dd1430c497eb1db783690a776c3c167f3c61938513,222fdcd0e475ba105e4f317e43e026df948478fd27262e4c06ed45efec7183a3,stage2-v2-unit-09007-3a63e323ae91,3a63e323ae915b4d1ac7760cab22d6a092c647a8937dea1959cbdcbceab27bb4,ab7eddf6c007ef4fdf5018d76c291a6f2db2df846936305745f30a556de81ad5,5.3832587909141694e-05,-4.2689547417216644,0.012814088590688603,0.002118330689427239,0.002082716269796947
P-budget-2048-seed-43102,P,43102,0,74001,26,5,stage2-v2-unit-25515-a49867491644,a4986749164455f19e5933f871e1b4e682dc24ff77c5a733e8e747a32e2170ed,b03a3f6cf4abca881a002da43052458eeb248a963ac33ddc13730de9667317b8,stage2-v2-unit-02017-0d38d2316076,0d38d2316076e382ae9680cfe115d519bf708bd5c0aaeeb1f0a89d54724f754f,adbb3caa80f7de7f1bfab620e8fe8b10f21bad7f051902bd30612727145a795d,6.0257347797687544e-05,-4.219989987534511,0.01492887550231215,0.002000509525259986,0.0020357856255941442
P-budget-2048-seed-43102,P,43102,0,74001,27,10,stage2-v2-unit-13332-5697b6743157,5697b6743157297413a72f2276d97a887b7a15c41de995d787d3b9483340d8cf,cbfd9ea172925e229c857c00899bdad4a1620a3cf76b1637f8b75eb33872b73c,stage2-v2-unit-01809-0bd1a17da967,0bd1a17da967ca4143657d8aa1cbe7a30776c3fbdf8f3e48e6616e17287a5081,0ff8b7e996d794156e4f048837531ceff9705892bd5442fc7eb46bfbdc44aa9e,7.269930125630708e-05,-4.138469763308616,0.01116358144459517,0.0032926500962275895,0.0032195343328567105
P-budget-2048-seed-43102,P,43102,0,74001,28,13,stage2-v2-unit-18612-784f478c4e8d,784f478c4e8d5c04c40af1600e04644bfe956bec75ef9051fb9e5c6ac4bf674b,fd48ffc961324f752e6c0af063ba83c3612f6d73ac2f36a7328ea3904b5a94b9,stage2-v2-unit-13384-56e5fae36647,56e5fae36647389339d4d7b0c75901adeeceeafe3db7d28017618d26badebef4,cfda6b68b49df5aa866c30b30aa7111dec08dbf957486369cbe337423b9c7849,6.477807244209544e-05,-4.188571979144864,0.02372588370897587,0.0013415752473520115,0.0013886949182051467
P-budget-2048-seed-43102,P,43102,0,74001,29,5,stage2-v2-unit-23505-97cc33441bb3,97cc33441bb3a5058b4c26cd91bf2c3e6ac4c9231b53604b6af01007b5c830ad,7c9aa33dd6cd9267ca26ff85b642417086572cbb03dccc850c12399f1ad5a52c,stage2-v2-unit-14508-5dd2d36ff7a2,5dd2d36ff7a211818b939b050db01be144f0f97b86d6687073fe665de56433d4,4caed3ee6404792a44f0dc6d69335e49f496a77e6e6665cfae5012b6b14de8a4,6.07027809991223e-05,-4.216791411974059,0.014344081878619493,0.0021015198358327325,0.002130384409610997
P-budget-2048-seed-43102,P,43102,0,74001,30,1,stage2-v2-unit-31093-c96d25f9f324,c96d25f9f324aabd694903de4400acf59dbb88a3c7bfff7f5eed7b631c99ddcc,d3c631b775dda85a7f318a08a443a191d9556aa5b07708a9c0248de766e90c29,stage2-v2-unit-25603-a53cf126beff,a53cf126befff9362fdc726ea213596c2c6045fa91f25782a0d945be9ea71082,4fdd5a69c776cb9eb456e1ff62243e13e135b0953a4a634e83622dbc0d2def4c,0.00025697594310258864,-3.5901075314034077,0.07835195570667264,0.00182441393553745,0.001455350312653536
P-budget-2048-seed-43102,P,43102,0,74001,31,2,stage2-v2-unit-38233-f74e514a2ade,f74e514a2adecceef9e24dfb04615c8bb841594a5c45bdd893fb5762956120d4,4088cea66aeec5afeba663fbf92dd68c566564e74be9dd6ddd58eca3ede82c65,stage2-v2-unit-27411-b14da44153e3,b14da44153e351a03279adac27e30e6d0a3c04f069c9c876ecb7c2e069f5cbcd,df1061412ae2c42a3ff16ed4deccc91bc8a30594dfdefc9497f24f2a52be6956,6.49298787607222e-05,-4.187555408055913,0.02009720682471143,0.001627626425033668,0.0016031647653562686
P-budget-2048-seed-43102,P,43102,0,74001,32,13,stage2-v2-unit-29727-c0427e3c5b28,c0427e3c5b288c646797d1e49bbd026273090d40532d10bd4a896186365358be,730d70f44ed8b4a563cd15be53cef8a3148caba659cb7e1890015b3863728e72,stage2-v2-unit-37747-f41270e93ebb,f41270e93ebbbc12546f953aacdbcc2307dea1187f47ad0f2ee19bdf88ec45fc,3e038daa0ea9f1226110d84f86ede6668d0c82b4a8b6d273c73ca97f7c831e8d,8.637773942155036e-05,-4.063598165993466,0.021231020158407044,0.002066077242488973,0.002002391383939539
P-budget-2048-seed-43102,P,43102,1,74002,0,12,stage2-v2-unit-21381-8a32ab4f1a69,8a32ab4f1a69001bf448a9da4a56ed722c8b37ec4a4a5b0422f97e7b02c4f491,61a024f8a26b2b3857f159ad56adad47c07680fbf5099a7a23beb0139866038d,stage2-v2-unit-09171-3b6c8f08636d,3b6c8f08636d7daf3620cdb86a57388c64ea8af706abead328d38b7fd4866acc,15f940921c5ec6e70824c95652fb0361961a29c9cc44a962c2008e12abcb3f3c,0.0001605171237883951,-3.7944786307349836,0.021137360635045496,0.004273387097782688,0.0033206132393388543
P-budget-2048-seed-43102,P,43102,1,74002,1,8,stage2-v2-unit-21827-8d1cda412d6d,8d1cda412d6d1da5b53c0b7dc1d82e1b7db447922b295e950a8935e31a5b50f2,6ed0663c22b5733d0afc25633e717b18b5574ea8b41f169ac66b181966ba7cab,stage2-v2-unit-13489-57a03827255d,57a03827255d899a78dc6f9fbabb178544afa05b8cc47b547c6f3fe193d543b1,7e13bb9e30b60bbc89e6f100fbd803973913af6eb9ba8a308fb3cfb476ac0d58,8.899913444793128e-05,-4.05061421702155,0.01992416748995749,0.002178834633923543,0.002288058875819843
P-budget-2048-seed-43102,P,43102,1,74002,2,2,stage2-v2-unit-32659-d3e631c5b50b,d3e631c5b50b11ebe1f92b0d7abfe403b42a16630b1b49be3cce114cf8534ee4,975494dc6d6897802f9b44f22a01354d18bec699a6a4fe28d0b181b99024c3ec,stage2-v2-unit-21769-8cacbe121d7d,8cacbe121d7d68e8da792163805517836939ce808ec8dcf53e8042f07333cdb9,290c9690f5ce377749465ce64a014e856d55e3ef542532ce7a155d46719f3cd3,0.00015956422635099443,-3.7970644691244995,0.02884380681773352,0.0028055385823790857,0.0027264713689874043
P-budget-2048-seed-43102,P,43102,1,74002,3,10,stage2-v2-unit-26633-ac0c85f1d9c1,ac0c85f1d9c16b05bbb3e48e3138d746ce80d35ac550341dbd174f25438e810a,91c371e5f0c7255b0e83c982787b4149e0f5808543a7492c87bad9f113561a41,stage2-v2-unit-03185-1470b29ac1c0,1470b29ac1c06cc0151ffbe1c77a814b36b26c8a329f665f01b443d175ba19ee,6af043c646351d5be22ab6ec4630483db86254c343022240d5adb9d1fdb1e49a,5.459765587545462e-05,-4.26282600312327,0.011759433474286566,0.0022327791220959625,0.002410102356407151
P-budget-2048-seed-43102,P,43102,1,74002,4,11,stage2-v2-unit-21451-8a9fd1bf6351,8a9fd1bf63515a42fdb1a1ec876ab242193dc1056dec983ca603f257b243cafa,83d7ab5ca2ddd90a3dcdab4ff52c535544f9149132c16c2f8622edd58dbe3a35,stage2-v2-unit-30893-c823461b6da8,c823461b6da8ebd543b8b19bd57df6d072a32dc9d03a5fa8d074854a562ae3d7,2faa5daafea37031191359a242b35de781e891eaea377912ee9c5c5ad20e1bdf,9.874287309230567e-05,-4.005494240393972,0.009076725961626226,0.005361463257941068,0.005517225104995305
P-budget-2048-seed-43102,P,43102,1,74002,5,14,stage2-v2-unit-23991-9ae79af536d7,9ae79af536d700a1e2110a22335e6f129caa4397d35d76ba10cedfdd4ebf08af,32b5b312059e2ceca6876e05fe303769ea85b3dd9e4c9118f632e4a142f7385d,stage2-v2-unit-12410-5086ed34abcc,5086ed34abcc0c8145f8338caae4ec80aafe0d3d9de4b92bcd3541b3b33d3e31,07b20e181d74a0e64eeabcc62dbe34cbe4efa42feedaf760ec4ea859b78c8f8c,6.816914674345753e-05,-4.166412141925369,0.023613861894413907,0.0014892166971094412,0.0013976108386941632
P-budget-2048-seed-43102,P,43102,1,74002,6,4,stage2-v2-unit-08708-38837cd2864e,38837cd2864ed11eba859fa3a77c1d52a405d067ffc6f51b67189d9bd05e9360,537960d486953aabf7bb06b21751396861a1c8a26b88217bcb2ac4275b7253c7,stage2-v2-unit-02722-1169180d4402,1169180d44021088de1d51e7ab40c75df0e964d79c52aa5de802bde53a7f6ce3,d5edac598ffd861390fffecfdafd42295d6195c55175aad11243ad4294be241d,5.8454380280181795e-05,-4.233182939416859,0.02447796699523927,0.0011897329291059577,0.001198307723598191
P-budget-2048-seed-43102,P,43102,1,74002,7,14,stage2-v2-unit-15053-611553e99ab3,611553e99ab3fb7ad7f215adaa3be72157838b6b361727f8a4d872b92a66486f,877a1833fc11a122ec09719138b45a2d1f1cb879cc87b27acf89d7dd1caf1dd4,stage2-v2-unit-25376-a39052e88cd0,a39052e88cd04990c9f6057462e3248be1ed92839bc0aafe2d0c0a95909edc53,b09998d3607da5d7148014d5a0419bc1c48c3a97fc8e3c039cf1f0b6882c1c9e,5.670049957018364e-05,-4.246413114658799,0.023952924057397636,0.001139808685366006,0.0012273553165869089
P-budget-2048-seed-43102,P,43102,1,74002,8,14,stage2-v2-unit-01084-06fb5f2d798a,06fb5f2d798a0aea9392ad5d5bd5882c6275b34149514bfc79a3100beeec6d49,1ffef478247a13f6dcecb3ee2a4f52e761b55d9d29745f11c8e04d4f9324d602,stage2-v2-unit-35054-e33118756098,e331187560987ce27fc08250669af9e25303b3316a73964ae2e3a79c7cfcf2e9,87f5691f36846c77c400cc0e2ba327d807bea8f8648dbadb07bc66eb3abaef49,7.895754012565703e-05,-4.10260639030922,0.02354332486696112,0.001661672159571026,0.00169204022267877
P-budget-2048-seed-43102,P,43102,1,74002,9,12,stage2-v2-unit-32534-d2fad1afb88f,d2fad1afb88fe7cfc83b27a6ccb2629ab3898bca7d9fe0a96dd43c834e5875c6,0ba89712b4076cb36c3943800d58d2404e17a84296d1417137d0293d4cd7138a,stage2-v2-unit-00457-02d4bda8783c,02d4bda8783c184b33e74152faa8c0ef16fcd81aa48b25260e18ebbc52593436,2c620a32cd796946e5f79d1bf1c5b4aead7e2604e29f9ee5c1f802c1b39b0241,8.164349424077955e-05,-4.088078416290431,0.024540733820345266,0.0016404566013079602,0.0016863996711435902
P-budget-2048-seed-43102,P,43102,1,74002,10,11,stage2-v2-unit-04813-1f2f886bce93,1f2f886bce93d54a1c91e24bea901fbdf55306b97d59194adf363bff44081b1e,5d36e7be92aaabdf56d436e83bb6d397f898f5ab7a259d0915e4ed70572c3818,stage2-v2-unit-21326-89de481b03ca,89de481b03ca2b34efd138441070ed1e420e6f3360d548466380472b5cf30f12,c1cf98261f7eb2ec8f70d83436fdcf5a25c036acaff318cc805ebfc587731279,0.00010342800158014143,-3.985361866605747,0.027753726253740785,0.0018914658130597672,0.0018351689686824102
P-budget-2048-seed-43102,P,43102,1,74002,11,10,stage2-v2-unit-05163-21698835b913,21698835b9130d76c13c5d7a6a1d19b51fd4c066678e2000452fb21049770321,175e9e0a3c7d9008f0cbb02da40d77495d497516675f1a6441ac73604aa3442b,stage2-v2-unit-07134-2e51badbccf6,2e51badbccf61605fd75dcf456e11c44129f6da581243a8900e550f6f014e798,79b48c4a4711630eb609cc23cfa228a10700ce6e7e8de6719c9222e4269b9b4d,6.565418499349107e-05,-4.1827375854670885,0.02259130229553246,0.0014686436395550118,0.0014375272457982646
P-budget-2048-seed-43102,P,43102,1,74002,12,1,stage2-v2-unit-30057-c265b2e826ad,c265b2e826ad2d902c944685a40146d6d665a991769f4f946344081cf037580d,9007971cd813546bb0b1bb1023949f424cc4362a4a0200895d0e5cca4998dfb7,stage2-v2-unit-22038-8e65a247c141,8e65a247c141a310fc93f8a6828cd5eba4c74c8f51f2a1fff74925e0448040db,a1d08218ea00c524ed1ab86018e6a239902f0df954fb4b8a1296091f5e83fd06,6.962407644550694e-05,-4.1572405526409115,0.02360723829502174,0.0014032495455467142,0.0015460186227755912
P-budget-2048-seed-43102,P,43102,1,74002,13,0,stage2-v2-unit-29327-bda53b2e1af9,bda53b2e1af9c4e62c571dd4843297adcbc28273cffdde09b6a691cb4c9ded5d,0714a39a18828bbde641690ad0a46b90c0ee9eb12820f266882c54a9f896a610,stage2-v2-unit-13138-552b2f68bd63,552b2f68bd63547f87c02ae01d533267eaf6d2c62a8da55f7d6556f3ba18ab55,2086dd76f87d9eb4eaeb5c393859ba097fe55c429b1f7ce47d322e5acfd2488a,6.223835829644031e-05,-4.205941871548577,0.015733421339488428,0.001936868309712736,0.002018937420871225
P-budget-2048-seed-43102,P,43102,1,74002,14,12,stage2-v2-unit-10967-473f40eae2e4,473f40eae2e4191d05f350fe047844a91c6f35bf89f3f12f4351bb601712ea7d,4e35e5049c3835bf8138544ef1a4d54ee95906c6cc1f8e59733868c9b7fa9f3b,stage2-v2-unit-13342-56a37973c726,56a37973c72642c997b13318248e190ec332e1e762dbc2e98f06cf4d6b34269e,1d5bf04edf0d3fafe070a8e11c676c12a8df73c1cdd00723bafd0d027a0ca2a5,0.00018322004200399533,-3.737027021630712,0.03425695130108627,0.002764198962267983,0.00258420581531027
P-budget-2048-seed-43102,P,43102,1,74002,15,11,stage2-v2-unit-37561-f2f49776882b,f2f49776882b5b15ae076f122dde0fb5ec76c0b8d0e197471654607b88f0406c,aded61db623760e9ccbe5468a6dec8d916ae83edb7df3d6df012e9a7dddd2528,stage2-v2-unit-12503-51153ce353fd,51153ce353fd0a4e64e64fb737e3d9082bfc92109901b5a5529abf67193f4a27,2f8b80d432d38fe57a3c8d29edcb28b64c42bda6d38b5ca56a2725057c95b227,0.00014310693256902596,-3.844339327081969,0.039992366951101845,0.001912296705540939,0.0016660594528730144
P-budget-2048-seed-43102,P,43102,1,74002,16,9,stage2-v2-unit-05480-235b5abf448d,235b5abf448d062942a7e10d73a1c228d572089be6c10a92f6c9e000c32dbc6d,7a8e8c5b1603bcd037096f0134e1e8f95033e7626cefd136b9463847f2470959,stage2-v2-unit-28704-b999f8dfae32,b999f8dfae32cf8b0a2c59778e79ff90fdc0eaf0138e01751f1572d03a10afed,43afc83c14256d4b8ac1faa217deadb84431074822a745f92ea1f26a2533951f,0.00012873418870640307,-3.8903060996012218,0.030017407512775696,0.0023250093281603768,0.0019636418037407566
P-budget-2048-seed-43102,P,43102,1,74002,17,2,stage2-v2-unit-17465-70f170f21870,70f170f21870b6ed8d64775cc8a985b8a585d499f99adfb83855cbae006c5c40,814be36c5a57da1aebc5c8818020e9a03eb30f462696475ba3cb27c32ab811e4,stage2-v2-unit-18956-7a7b0647e04f,7a7b0647e04f07058f618befcc3114dce82a4a8057c459ac622c945273ee6a48,fdb1922948c04dfba365d26d4de92aba6d426c5c28f9183d9ff8c3010dacb7dd,9.089829345043654e-05,-4.041444270265554,0.02788403917058486,0.0016940942919063673,0.001565773939319115
P-budget-2048-seed-43102,P,43102,1,74002,18,7,stage2-v2-unit-29727-c0427e3c5b28,c0427e3c5b288c646797d1e49bbd026273090d40532d10bd4a896186365358be,730d70f44ed8b4a563cd15be53cef8a3148caba659cb7e1890015b3863728e72,stage2-v2-unit-25999-a7a0fb4c6a71,a7a0fb4c6a71390b7e5caf099fc6ce0ac6f212bc723bce393141156b16c786e7,da5e91915ba67c8f83774ec8e85d589ef8692f2ad77640bfad24b942dcfe4377,0.00010855442093316015,-3.9643524849891136,0.03850920095064531,0.0014911226871845429,0.0013277989796733891
P-budget-2048-seed-43102,P,43102,1,74002,19,7,stage2-v2-unit-08860-3978db03d4bc,3978db03d4bce7c3de0fb040c89eaf7c67d5b8ee16cd9734343f257e9efa9f99,07bd16c2e909bc8d7aca216a67736aaa31b4bd2eec4f198c5a5da77ff433127e,stage2-v2-unit-25779-a64f36141ce8,a64f36141ce855f8792e323a8f054d44128bbe5abd986768a8d28ecefc227682,3035eb26aa869e8a9fe10c3062ca9288852302d1c95bd9cd51509808493f9d50,6.365443874756238e-05,-4.196171306757233,0.013949004789487764,0.002234002935438184,0.002329364825072844
P-budget-2048-seed-43102,P,43102,1,74002,20,9,stage2-v2-unit-14766-5f79bf3f329d,5f79bf3f329decb0811a57bc3705c7e6e40b30a66181e27bcad3914fdf00f6b1,ed26ae3938c23708c25a2c6716f07e90fd9c2d756c5973aee36ea51e5c1e7f5b,stage2-v2-unit-00719-04b0051c96d9,04b0051c96d92b141d3aa16319d1109f43d9d94971d7dd28f54e1702e0b84617,079c25dbe80ed3e8066b21afd10b1d7e2d8825e42e0e50838fa80529153dcae3,9.855100506683812e-05,-4.0063389422343,0.024706583395288424,0.0021144221122995077,0.0018744339545264666
P-budget-2048-seed-43102,P,43102,1,74002,21,10,stage2-v2-unit-32680-d4001419d2e2,d4001419d2e2f93e0d3ff15f75fa3be7e91ab54ad2809e8580b8a79ddb0dffea,c046f0d58f6e6c8ca6f7f77e7c8ab3e7e876b69cb72aa1eec036c8e08fb5a415,stage2-v2-unit-00920-05ef58d3e6fc,05ef58d3e6fc4a553b78ccc1412887dbfe1f4e0c2f8b39ca270fb7361e597ab6,6e00d8ec8aef1c832d0cfe2af79f8002ac0d00ae1a40d68585fe4640a692e7df,4.8090119705079815e-05,-4.317944141886665,0.015380962136828774,0.0015400611728182412,0.001586539053960223
P-budget-2048-seed-43102,P,43102,1,74002,22,9,stage2-v2-unit-28090-b5c26c6cc3e9,b5c26c6cc3e90b06fba9fe379717df4f1c4b17e6135f01378c258133e53ed158,79caa3a2f00fe16f8cb4f98aaf5896ce282ebf3ede074b5061fa5e4027d28afc,stage2-v2-unit-05361-229b06c2004f,229b06c2004fcab1cd1ea2f4dff4ab14150dcd88924a7c04ec0fd8ff6cb33130,4ca3f638c806afa703b6e80e4598b176aef26c281d0ceb0ce19c5feca1c54cbb,6.77779610214202e-05,-4.168911500273875,0.025031998086491536,0.0013843178733168315,0.0013233349791335058
P-budget-2048-seed-43102,P,43102,1,74002,23,2,stage2-v2-unit-13871-59f01d68c4d4,59f01d68c4d43fb38fbf5c950cc886046543f531af619e03a78cc45a557366f1,b0d3e036ba4419caabb5d101812e2318de300c8a29823bb86fdeea3e1c20355b,stage2-v2-unit-20695-85c5d7cb1f67,85c5d7cb1f6792b0e5a34bd69e4d5ec8bd3256f1a42bffa63f5fdb6ce6fa0403,864d3f5a4145d8b17354e49db1c0bfae4310de789863a76bde6a927580e149fc,8.198478300869283e-05,-4.086266748453185,0.02766512476617766,0.0014925919469988003,0.0014708786211485858
P-budget-2048-seed-43102,P,43102,1,74002,24,10,stage2-v2-unit-17216-6f3691daaa12,6f3691daaa129191b50b022026cd3646a278401d9551bc36991e2e3ea37602b8,92c363b327d2fe888676b6620c9264575197bac2cf0ab5f0006d6a37f4624743,stage2-v2-unit-00045-0061432a3946,0061432a3946b30c3dbf7f2705670146d358ceb896c54636ea507d658c886924,918547540dfda3b6cb138f9e75f50e56f067e7f2363b1c5131b00edfcdeef722,6.812332131289622e-05,-4.166704186418471,0.014316063897936899,0.002444604590891686,0.0023139185477702995
P-budget-2048-seed-43102,P,43102,1,74002,25,0,stage2-v2-unit-28878-ba9d355bdf45,ba9d355bdf4545aa2e08d7757eab57e69eb998e5554001a16b1624aa3f0ed837,c66087c2f3d5cc511bf6738ae801588072cdcdcd1c1328b808fd865ccc7ecce5,stage2-v2-unit-29901-c15c8d8636c6,c15c8d8636c6373921658becefdc29f714bfa5f595e56e8bbd0007bfccb5bb4c,569bd31efe2d21b72c11da9380fc742789183730f1ce663090d95d9b1987ede3,7.63048792009613e-05,-4.117447690848479,0.02042172754609407,0.0018808621189236874,0.001855593527579913
P-budget-2048-seed-43102,P,43102,1,74002,26,8,stage2-v2-unit-08188-3552ef896a77,3552ef896a77b12192c836dff5c1633335caba406c7f5008e5b141af03dec88c,566c359cf4713a0efd512d838f2b6132175e6fd06d007738bc83b88844759bff,stage2-v2-unit-30034-c243c6e270be,c243c6e270beff5c220271a5625970e3de5949fa89da600b11277096702b8429,6d3e84de6bfad92fc433ff6ad896d10b89687991eda862c667be0b7d54521d44,5.257969672811669e-05,-4.279181923168516,0.019163834827539774,0.0013931897469774412,0.00135050415360638
P-budget-2048-seed-43102,P,43102,1,74002,27,11,stage2-v2-unit-28359-b78b83a38e4b,b78b83a38e4bb0717d12aa20fc190b0f441e6d6f103ecb2ae966eb8944a2b75d,25c00b7dc3bc0566a49c1d9f4edb81609a967c0a9d88fc517d7061fbda5319a4,stage2-v2-unit-17837-73427a9acf1b,73427a9acf1bb34909aee71a865ed2761c195d9cce7b0de0d8b85c5623aa30d2,a2804ef2e86834212ad5f835391c84993c082c1182ce98767cf0bb71ccb6fad6,8.673776906675812e-05,-4.0617917522870535,0.022801083537745008,0.0019325706780364271,0.0018715366541073308
P-budget-2048-seed-43102,P,43102,1,74002,28,10,stage2-v2-unit-38387-f85b3e495b0a,f85b3e495b0a833b3de0f6871975d38d841d6752fa3f4b490689e96ddbb90d38,3e5906c9a1f39cbdc2882a4c0d40f55170cb082d62b36ed65a7ddd2aaf0c038a,stage2-v2-unit-22772-931d759da171,931d759da171f2bb2f7c05f5ec24473b5062d4a8a791a9b47b4e86d181188ec2,9f12f2dd3902458890024d11512e6869a88ddf80f37cf298870d4df6b47fc2a1,7.289113433728289e-05,-4.137325291195622,0.0294594578588099,0.00116659477612302,0.001307691569763847
P-budget-2048-seed-43102,P,43102,1,74002,29,8,stage2-v2-unit-15123-619918aa58bb,619918aa58bb2cfa8a1c6a395c4b9f10abd7d5b6e3242a274f5ebb9fb3160d56,0eb1bede2139dc5c3fe7148397ffaac97e1eec991fe0fef4bbf3e2282e71f8d3,stage2-v2-unit-23842-99e5a1ae2c16,99e5a1ae2c169749e51595951756716a9009aa36025c29b59c27098864a3ed69,802d5bac7eddd264a1857dd35c5461108057d7af233578c1bc304bd8555a53c5,9.565222438823184e-05,-4.019304926020355,0.021958119958950598,0.002106447751430096,0.0022496731080536847
P-budget-2048-seed-43102,P,43102,1,74002,30,0,stage2-v2-unit-07531-30f1382db1ba,30f1382db1baebc41925b4b4c22a7576befdc6f04f65041c500d5a088c340ec7,52e3dc63fb0ed2e215648ffc3b929fbcc8031aa44a63ff0627d5024bf8b525a0,stage2-v2-unit-24938-a0e7cc180b64,a0e7cc180b64cacf823a7f297a83ea544398956f0f4eea43d90d2005e970efb8,9b3e56f2105ba55f9fdd06e0029691da26962455c184647616aea67a48333e37,0.00010605197593349658,-3.974481235407487,0.030668364753132525,0.0017606997221264464,0.001697325405302763
P-budget-2048-seed-43102,P,43102,1,74002,31,9,stage2-v2-unit-24567-9e91da36cf4f,9e91da36cf4f991865b41936ef87c2baf8500570c4735fad43ee7038a2e8712d,6fbe0f89d7cf1eff782d13c2d116953976470411f7d7721a121e0ddcaada1310,stage2-v2-unit-10903-46c50d0a9924,46c50d0a99245a068e408eb7285f81b98850a7415f15d0c1d411616ec5bbbeca,792614aa58b9d3fa99bdcb9d59a862ad0ecd1acca53d10117c69133a273a8adf,8.520332551142928e-05,-4.069543454258205,0.029426849359801607,0.0014921807521659503,0.0014032473131919687
P-budget-2048-seed-43102,P,43102,1,74002,32,6,stage2-v2-unit-16669-6bb95ddb0eaa,6bb95ddb0eaa073c70360ac8273b4d74b6d48ebbb7e2f134482a2938e8a85a2f,9a6cf426a46adfb375afaac85e24aaa308602fb3de3ab798c2116891de769b0c,stage2-v2-unit-15826-663966927a12,663966927a12af4f692fa1bb978079fe464060a289cdad693b2f33ab2e6c8f51,82030ac00fc37109d112183f067c4813fcf791ae15726084aa369fa5c1153c47,0.00010858641371669364,-3.964224510078524,0.029893811257341165,0.0017063760383280169,0.0019260284343545209
P-budget-2048-seed-43102,P,43102,2,74003,0,8,stage2-v2-unit-18363-76941e7d22ef,76941e7d22efbcf94b266288eeadb1ccaf5c9d6014ecc40f64ed841609043b63,a7f8a89394af85a65b97d0a1a9f793e4b27fe7516c7a3b5ad7c7b84b74920f28,stage2-v2-unit-27998-b5117736834b,b5117736834bf5e648192b023696be7a32320e8f9e3f0a628cae03dd60d39462,4b285a773b542ecc9dfa922cb1898f7b1c2fadca6faf56a2e107f76c29600a22,0.00011215059504365854,-3.9501984178144793,0.014169427982104356,0.00408427932052291,0.003830690513495938
P-budget-2048-seed-43102,P,43102,2,74003,1,0,stage2-v2-unit-02223-0e4bc50e1adb,0e4bc50e1adb31c162e1d0b8ef7054b15d7482d61b7f152523c5a2ebf6363722,93497e7f10798a04a61bae4a32e2b20b068591c4b2f209d51cdac7080c89c453,stage2-v2-unit-21142-88a80007d980,88a80007d9801fd78ca00220dec6981d39c0831f2e0bcc5e9c7bba625e4e34e1,5c3d7a7e85f9ae5bfa51d1af4213b7b50f79cecdcb8dc7a1861b353ce89b3a56,6.538530149668986e-05,-4.184519869356522,0.018612419093677897,0.001682756394984608,0.0018302367934666108
P-budget-2048-seed-43102,P,43102,2,74003,2,9,stage2-v2-unit-22574-91e126a2385b,91e126a2385b321b475cc2562a6a82af0683436826aa9fb2134b064cef1ae71a,4480ea2f6ef7d4372fb149ced2181846ffcda63b03d6ea332bff22b0c6cf54fa,stage2-v2-unit-14305-5c9a28c3bbc7,5c9a28c3bbc75bd566bbab1011aba584b37c018562feceb1e6d7ec5d3fa44f43,9e681fbeea5df61ccaf5b273c309a6218bd6e9858f37319d2288f633416fccef,8.410546894310755e-05,-4.075175763362724,0.021353966005382113,0.002053980679193046,0.0018846539014703012
P-budget-2048-seed-43102,P,43102,2,74003,3,1,stage2-v2-unit-22295-900220e96afe,900220e96afed50d0f2b30ad605e26100aa20a60a2f31a0e6f492b899e258bb0,5f64c034a76f82d983e8b82ae4e4c868962483b83a5ae1754d66ba57a6398719,stage2-v2-unit-25014-a165a6de1bf6,a165a6de1bf69ce339e7d5bf457cf980fd0d8e65527b98a051eb732b46e3d32b,59133d8e70383df23b002e58c47c04f8e59559d48f56e595a0ffc77dffb23665,0.00011045436889389748,-3.9568171014404707,0.02489410179534648,0.0021409449554994353,0.002296024484166992
P-budget-2048-seed-43102,P,43102,2,74003,4,14,stage2-v2-unit-17870-7375bb1cf903,7375bb1cf903e48a03314baf085a7f174f3cbdb5077b342fc61e63e6279f99c1,20be1cc27a54bbd8d350ec355183dd08f476703ac76c3c65d22d2b0e36ce1272,stage2-v2-unit-04070-1a7991614fea,1a7991614fea155bc101fde82fe9ed598a71eece7c8840dbf9c59e7c32f1f2b2,cd564168db68a078c2b7ade7126bdf0ef27599141a6e2c77c6eebf498d2b0ba2,0.00012068249668573117,-3.9183557136974136,0.029130445896023923,0.002052489969173621,0.002090340426093462
P-budget-2048-seed-43102,P,43102,2,74003,5,15,stage2-v2-unit-10969-47434e0d1410,47434e0d1410422f982c5d0e9ad62102d0786370ddd5c0d90f2f7e55da09d204,96f1fba36045fc7d3f5f0af951afc544d6c4c7732e91d22b9ebcc15d56d48abe,stage2-v2-unit-33406-d8d23a3ce288,d8d23a3ce288485b5600b9e686aa161ba4cc677243cdf552cd23e8a0f2f12c4b,23f3312bf8fb6eb5896719b417a33f15284b51d275db43ee0d9886ebbd9bf4df,0.00012174539602938239,-3.914547453249592,0.03415820067646341,0.001815652460209094,0.0017485105699961423
P-budget-2048-seed-43102,P,43102,2,74003,6,0,stage2-v2-unit-09522-3dc02d2a220a,3dc02d2a220ab2715ee55557e40d710d2accf8a544f23cf658f3d2a0ca03c6e3,1f5729b31c0b3604bc85b14125e98a5f64640bb7ad8190fe753c70839ccc8f61,stage2-v2-unit-36891-eebf1e016cd2,eebf1e016cd235890503bdc872532850b0958050bf9c0262b3e3b87d7f99be66,c6d66db9cc5ae758343c029ba274962b65aceeb3ba013c0863446f6d729d0c03,8.45193555392143e-05,-4.0730438231061195,0.017025926302267843,0.0025183337547787232,0.0024458223233523313
P-budget-2048-seed-43102,P,43102,2,74003,7,13,stage2-v2-unit-30221-c38fc07fd29e,c38fc07fd29e41b8f45bb6a83f2e01597f3fc7db2c437a8326796818c91ecd5a,02febd325faf25b1c3791d11721bd85e90a38866e8dced4139ae5fbb9588f25d,stage2-v2-unit-22173-8f42c2904e17,8f42c2904e17c436847bb719fe5621959b060d31b90a95706b561295d862abaa,15ede2f515d7c19f8f2ac19c6a985d54644332d9a7ec52bc7f7be7b15a7c5b72,6.250420992159889e-05,-4.204090730109607,0.019306260359305966,0.0016645092296130315,0.0015730007157799264
P-budget-2048-seed-43102,P,43102,2,74003,8,9,stage2-v2-unit-26211-a919cd7eacea,a919cd7eacea7de2361267014b43618a4332c333f8c44a9c3b5fb2669c1911c8,d2f8000b420358841068e3f0ec9dbd6c6974bc00de581a4880debdfef4438f5e,stage2-v2-unit-03697-17ef6a39445d,17ef6a39445d639bbfe56d98ce0171ebec31ea09b2dc36f839f3c8757bfa6ac8,367ef37279aa2885635550cae63f37f4250694b7a8aa2738e31b1006a1db5158,0.00013910650369552968,-3.856652564809883,0.046137966289247226,0.0014147566396331968,0.001600254963250336
P-budget-2048-seed-43102,P,43102,2,74003,9,1,stage2-v2-unit-06046-26f775cbe2ad,26f775cbe2ad5c16d4b364f8c9777927200f376ae22ea98d25529fb38c533425,a2d30a93399637988bdf83cfdae299d550dc3f0f6a3252d636d2ea49cbc404d1,stage2-v2-unit-01963-0cdc5e982919,0cdc5e982919966002dab05a897c9d61379283e81df4e6775c158f7acf5fa9b9,426abee6e8caafcdb61c7fd97563fbd962c1388126422b166da143bb1f6e1986,4.5811962166908415e-05,-4.339021106608302,0.010773865197314398,0.002172993021304137,0.0020791450301658188
P-budget-2048-seed-43102,P,43102,2,74003,10,10,stage2-v2-unit-37797-f46e1470f916,f46e1470f91627010ea3ad538397de86bf8fc9bb65cbff2cb7b343c49941713c,fa6421ef7576747a3825429820d3fc55fc29bbdf73499e6feea8926a8208301b,stage2-v2-unit-04880-1fa1f9dc2aa3,1fa1f9dc2aa377dba0d520dcd7d1435dd859b9fd21208eb855a298ff98d7dfbf,16c57ef72bc4112af1ff76c686b142877c3ba3fd5419ce733d96cc347fed7f55,7.83765207614806e-05,-4.105814019342576,0.024773305815967463,0.0015062786790167593,0.0016574702910929773
P-budget-2048-seed-43102,P,43102,2,74003,11,15,stage2-v2-unit-11633-4bbfb8182040,4bbfb81820408f9254dd7594182a5d2308ad287ed014fbaac77927f498e1006c,efe59fee291e35ac27ccd5b19fbc0f7efeb5bed4e2977027cae29c3cf9122fba,stage2-v2-unit-24934-a0df3dc6b124,a0df3dc6b1248a98c102d5e9a1d324373694311b0bb10ca347aeec8786dc38bf,004aa72b033bd140fddfacd28161371405fbec73699864b1820d2a388821895e,0.00010902915744281927,-3.9624573440487065,0.02975174098069537,0.0018401008874207037,0.0018245302853756584
P-budget-2048-seed-43102,P,43102,2,74003,12,14,stage2-v2-unit-30651-c68d82c86943,c68d82c8694371e68a7d395c7c0925356d928d752e9ca57bd36154296bf661e8,67ff69512c4cc75cfdedd6368a5fc1088329caef002b3be9b27a019868cd1dd2,stage2-v2-unit-31986-cf4cf9a153d7,cf4cf9a153d784a54ad28f098bdc887c124ed01c0666777318dfa7fa1b58beee,e5b24750e65c91a0c26e56afcb597f4c235785a195c75beaa136fe7f263d2037,9.148993436269848e-05,-4.038626683979448,0.030634333113007603,0.0014528855163007393,0.0015336307569668861
P-budget-2048-seed-43102,P,43102,2,74003,13,11,stage2-v2-unit-09092-3af1784819e9,3af1784819e95697737100a524b941a26144a841fa383d0ca621685eca2b7878,06351b6c0d2a8496ecdd19c2674b0fb80151e7100e43f3e4ccdabd59589aafb9,stage2-v2-unit-07856-3324ebc86899,3324ebc868994c12405749c9f83ee2ac7d788254762da429326f71186280d36d,d0b0561805bf2948d762fbf4a421bad3d706e0b44ec3a194c7e1efbbf7ec4bb7,0.00011375326431561916,-3.944036131779252,0.04917286356266571,0.0010678009357434348,0.0012455332098397776
P-budget-2048-seed-43102,P,43102,2,74003,14,9,stage2-v2-unit-09931-407dd1b41370,407dd1b413709b299b305afe83ecf49ca01e8673b686cf15d07879c35b5e66e2,1db429ab110f93f5c28b64c33f7f835e620ce5394e05298a709fff6315cd72bd,stage2-v2-unit-21633-8bc3c7692a0e,8bc3c7692a0eb4bcbb4e1cab1d8ed62e547f47b986eee525c9ee437cf25e6996,d1553fad48463e6c0c5942e5650adc28aca28ce7bffcd207cc1ffff59189fb89,6.351698573325848e-05,-4.197110120002783,0.014679984270316427,0.0021551717004513193,0.0021716030810239317
P-budget-2048-seed-43102,P,43102,2,74003,15,3,stage2-v2-unit-00150-0106444f6029,0106444f6029862ac4a153e9e235bdcf8b729a17f60991c2e6050d2be1d91803,ebcda1e92425c6d5c05ee8d16eaf052aa34e43968926f0c56e762f2f3aae50a4,stage2-v2-unit-39015-fc7881abd1e7,fc7881abd1e745004882677bf49d32ca2ab966245025258c3bb88242a11d3531,6c8573266a261f847c3bba17e02f880f2ce6d816c048804cb6f0743e0c42bac6,0.0001320574849046352,-3.8792369783218295,0.01991177099009148,0.003388983693184855,0.0032431478721264284
P-budget-2048-seed-43102,P,43102,2,74003,16,12,stage2-v2-unit-22613-9224e1590508,9224e1590508e1d5a01a3a815a041896b9d8b14c6df1771752422ed2ccdfa581,1272ac3ebe787b1466e5e8c44ba69bac663f328b4f7f120072f3ed2815e31de9,stage2-v2-unit-18956-7a7b0647e04f,7a7b0647e04f07058f618befcc3114dce82a4a8057c459ac622c945273ee6a48,fdb1922948c04dfba365d26d4de92aba6d426c5c28f9183d9ff8c3010dacb7dd,6.861990192419398e-05,-4.163549906999924,0.018255822631745855,0.001847033706781076,0.0019117616818675742
P-budget-2048-seed-43102,P,43102,2,74003,17,13,stage2-v2-unit-09032-3a9415511896,3a9415511896f0512dab5ba8b0e047bd098e251f09319f2451abcb2ea7f20be8,79c2a2b0d5f81dc7ef32c37172efc4d4fcad720d6b9de7769e3070e9ca377239,stage2-v2-unit-28925-baf71dfc3fb0,baf71dfc3fb02a3b9363d7ee8e8574db21d009cf43ccf576f4c84d3b4bed7053,031d9a8435a7153bd46cc515f4e00b2c94ff4f6d0aa3fc9027b6d50f611a62ce,0.0001295831284835458,-3.8874515392329565,0.03579836160564072,0.0017589902536201407,0.001860815867985366
P-budget-2048-seed-43102,P,43102,2,74003,18,6,stage2-v2-unit-00180-0141e682f812,0141e682f812373b625356038adf5e766f4f2a879f82434578921ec20d6ea770,4839f3ef8446f29595666ee85fed7af9359edccec1cfea5799cdc150b1821227,stage2-v2-unit-01477-09a62bdc6eb3,09a62bdc6eb32d394fda18241560ae91de42a56791c682d6dd7ab016c0f26317,b12d83779c120b84a48930bd01c7d0e9bf6620a60f41431ade636885939ef097,0.0003254254855846739,-3.4875484384447115,0.07824208822284867,0.0021615725236188155,0.0019976401581516257
P-budget-2048-seed-43102,P,43102,2,74003,19,14,stage2-v2-unit-11447-4a72b60dd1c6,4a72b60dd1c66a1fedc695dd506f3271080ccfae4a67cf49deaacaa8eb8af1ee,282c90fa4edd104686bc5511f2298fe86278f817a71843e7bb9900dd5ae43131,stage2-v2-unit-34935-e28a0d9063af,e28a0d9063af0f18a8704ad56065a543b73e3e46ca8936c18dcaf574f9f22cfd,e547ef04f9b4b13c1c112d38799a4884fec89d5b1e086b892ea3e44fbde104e1,0.00016550620085808987,-3.781185730299121,0.04350999796696504,0.002061993657207495,0.0017418723182345275
P-budget-2048-seed-43102,P,43102,2,74003,20,0,stage2-v2-unit-11743-4c6da8385eab,4c6da8385eabf0eebf2c429b5ec0714a71f08caccba2442821b6bb31e1d2305c,d8a157459897131fbdcddb6ce1f7a81e986dfb446299ded22d9faeea054b1737,stage2-v2-unit-36438-ebd6dfba022d,ebd6dfba022d3bff181794a529763f092becf650c5ae69c0e9951672497f5fea,ffb8cc4c8fcdb60a15d2000a81fb763cbdc2fa23ab9ff3804e1d2eb6ca7ecb0c,5.691155334375253e-05,-4.244799560597724,0.014405236172123755,0.0019655268420137872,0.0019852277769132343
P-budget-2048-seed-43102,P,43102,2,74003,21,7,stage2-v2-unit-33737-daf67da6e03f,daf67da6e03f5dce354dcdbbdc54a222bee3de944cc68ca780809efe6818558d,a6717bd83554318bf97fd8c5723091a9f4094204144c46ed13838a43c44c865c,stage2-v2-unit-10650-4531c3aa8183,4531c3aa8183b3194bf81f065e220f05496f16e66ef92753c3b540dcad155c4e,999621b8bcf3a4a8f501f46eeaf462b8adb73178dbc05dd1e871a208b6120349,5.439228647219352e-05,-4.264462684494535,0.013382702073165772,0.002010333400903619,0.00205403911331814
P-budget-2048-seed-43102,P,43102,2,74003,22,7,stage2-v2-unit-35812-e7b1300124d1,e7b1300124d12c79f0911a7ca28a238284134e86eca916c7659e29774991e131,caa376104e9efbb400b39e7aafdf7cc10adfcb79e7366c8160d7b6735fe73c08,stage2-v2-unit-05180-218d4c70c6d8,218d4c70c6d8784fa812354c2fdefa488ad8cb7614ab81b57183c91919ba67b6,ddfe7a9390990995aa91fa47f2553c06961309f04f06388148c0e5ae0412448c,8.701185308268578e-05,-4.060421582119697,0.03450432532858208,0.0012194242083296558,0.0013023423312006344
P-budget-2048-seed-43102,P,43102,2,74003,23,1,stage2-v2-unit-06387-293b7ad0eadb,293b7ad0eadbc8c5abf5c17ed967fecf1b6e3b6f4b1946bdfe9620d7d9481120,c2306b4047828c167f689d24f44f2fc010ecc88b929e3d63e528a6a52e67062a,stage2-v2-unit-15555-647cd77a2264,647cd77a226498b57bea68fc353355a6c962c09381a1cc926343c1d807ca265f,86d7eb240f3ab6e704bd1dd99e630f704f9860c7c0db499f70f44e205a40b800,9.339078152947877e-05,-4.029695990241683,0.03636570867720474,0.0012497293193973746,0.0013183708201722766
P-budget-2048-seed-43102,P,43102,2,74003,24,11,stage2-v2-unit-36288-ead3eb363fdf,ead3eb363fdfcf7f01312b4b89dc289fffda08786c3f53a7e988453ebec0fb4c,67c8ab5bba84130a5eb8c556f20e656f05e7358082b708034cacea615c92ef17,stage2-v2-unit-35952-e89991c5882d,e89991c5882d9cda66969ce03c9df2ef690e103fc79f7d9a58c399e7bfa2469f,9c06f0c6534216aae55c4a4681e04736271700c803c6b90e72b5fdfca08de088,6.318556555129362e-05,-4.1993821229424135,0.01911646632349666,0.0016212873779295478,0.0016840078833411098
P-budget-2048-seed-43102,P,43102,2,74003,25,14,stage2-v2-unit-35069-e34da40759bc,e34da40759bc8377bfa9e8f024787f12b171be6e1f55e04c7f67ef7cae6659a2,725e2f613e9a821ab4ee9622bf4b07392e8417a45d054b7eb2c141b55b27d195,stage2-v2-unit-37985-f59733604011,f597336040112f7981dbec2dbfed3ae537574abf20d1158210712001e8fe3005,b455404dc0a4612773a524afb8ebfbc14123128dac076d61ce976480926e75ea,7.075800682798672e-05,-4.150224409168173,0.018611087777271797,0.0018796262165778899,0.001922301305057772
P-budget-2048-seed-43102,P,43102,2,74003,26,6,stage2-v2-unit-01323-0887badd5d81,0887badd5d81521f3380b7ad1d929bf2105d146b6a981ce3914dae11a2e5d9da,cf90641a6828a31408325483aac07c71624d6bfc66be246bb53f803299e75ea9,stage2-v2-unit-28087-b5bccb081761,b5bccb0817619895899725459e7e465de44ddfb6138b5666522895b4b6f1ac4b,ff8e6b42436b854ae9abd40e087932b1ded662915995ef1219f413ea629dffe0,6.265653819070849e-05,-4.2030336038080485,0.020603025445441025,0.0014643870767940825,0.001576745807142288
P-budget-2048-seed-43102,P,43102,2,74003,27,0,stage2-v2-unit-01095-07151be67227,07151be67227722f1ddc44c567b2a45ac5178ebf65021d9c0097bbc0300e4a4a,3813ec739d320e99081de1a944cacd900cc2d6bbb2895aae9deb2e2fdaee1623,stage2-v2-unit-30516-c595c6b4be95,c595c6b4be951f1d38ed5c9b0d59171a9020a9d2eb8376db67e30f7ce554b83f,89d1204243515d1c18824e836c00d9b80945c06d5c73dc003b393d771b556e8c,0.00022167682197959948,-3.6542797133473366,0.031038193748177123,0.003535963206559245,0.0036061025907656585
P-budget-2048-seed-43102,P,43102,2,74003,28,10,stage2-v2-unit-01910-0c7e479ca5f5,0c7e479ca5f5a914740556bc5d6dd8c5db76479f9acc53ca5524cb0064370618,9c5d68971aa678e857a7a58e79737dc21a06eaa523d139a9fe47e5fcb69c5c7f,stage2-v2-unit-16230-68c776ba3339,68c776ba3339abe2f2553854ba25b735622f8644fb76044a25336ace3e6dd99c,f1c9d9e872ef2867cb859416ce051d52e73409c2e2c5ea099fc98be49b00215a,0.00010832767972601687,-3.9652605589210737,0.03630635231067317,0.0015703621279499203,0.0014133493393728713
P-budget-2048-seed-43102,P,43102,2,74003,29,11,stage2-v2-unit-19216-7bfdaba0e7c6,7bfdaba0e7c64ffa173398d8c97963913f585cdef317266710dcfa0f7ef97fd0,83d9636634c5f3271589f6eb7e4660f0af823198cd891ce385108cb7b3416ea2,stage2-v2-unit-30332-c46363803a5e,c46363803a5e26227a75b99f5bc5806aa912447979f851e2c59bd6246ad86790,5b548806dd76c70dfe559ea5dda3b103e09ee72da4336fd33df7eba061a47804,7.092262950436634e-05,-4.149215171011527,0.027411558367731622,0.001334259488430689,0.001253066213848797
P-budget-2048-seed-43102,P,43102,2,74003,30,10,stage2-v2-unit-20882-86f331e80e83,86f331e80e833ab37dcafc5709b5ab26fce5ca6b8337998b39a09bf97497a358,d183d744be9d29b1455b99fb236f38ae042e1620f8a1383847a53b4dd7f2be7e,stage2-v2-unit-27149-af9556df1849,af9556df1849aaed2ed1bbce7b59530303bb43f4608ab82d9b9f14faa53472de,18a7a872c087f2b6e141ee51c9cb867987889b39a9e2181468760d3270aa0e39,6.967866706020232e-05,-4.156900165892698,0.023596471395361886,0.0014903815263096476,0.0014625458793489088
P-budget-2048-seed-43102,P,43102,2,74003,31,5,stage2-v2-unit-23594-986e068ac378,986e068ac378680d680a1fd61b7ce1aacadb2fa6b876431494e1fc034c44e8cf,7875bfcd153b951683f20afaa11bb4e9217626fee79d43a9705633e32cb16c28,stage2-v2-unit-15694-654cd154611c,654cd154611c68dec5251c5f3246f014ec64ce77298164623962420c3a83f7bd,041f0b713b8d78534e6a4a6a801227a7c7e6058f96d4f35617fa5396a8194187,6.227295858707294e-05,-4.205700500465901,0.019438776925647626,0.0015572213642371935,0.001646321678890672
P-budget-2048-seed-43102,P,43102,2,74003,32,6,stage2-v2-unit-37972-f5860ec30893,f5860ec308939cc09546870a34f458d727e216b9a3feb0f5e8051469b5a911f7,b0de9507aca5af066404174d423e0fc0ebb9e162d470b6861dee2982c85b5184,stage2-v2-unit-14917-6064341c50e2,6064341c50e23f45e6540f260fd3456fe2b1b1452b33b858ff8dba4758dccdd8,abbe7bfb8f698d98811c10ef7cf4d7508ba7d2b4409ffe8651b8d2251b573097,6.441156108394352e-05,-4.191036175119407,0.026314127731907916,0.0012807843095288263,0.0011670095805129677
P-budget-2048-seed-43103,P,43103,0,74001,0,3,stage2-v2-unit-31452-cbb76b4a2d02,cbb76b4a2d02bb0ee7fbf58a68d2a0229ab6be5d4e00c04a70c68d85cfefe886,a58aafa2e5d5a68debd39a0a4eab0462bafdba1990f0d0f25ed16195476ff6d2,stage2-v2-unit-27886-b43ac5dd6c5d,b43ac5dd6c5ddb4c7e1b8c3ceb18e8d8207b439761935ec542f7f69536d88bae,ed42fd846b2268ec62df794c2d89ea4b4fa1f7591096a105ba277b32b24f984e,0.00010537451214531757,-3.9772644230252037,0.03510083993383453,0.0015139954625738028,0.0014880555522722716
P-budget-2048-seed-43103,P,43103,0,74001,1,0,stage2-v2-unit-08447-36dd461ee443,36dd461ee443b9f5c8d5e208fbb5004b907221f57c6afa81f308950fb4d85f5d,bd607acab2474a4620c15544b5b40ea231e233db04f3dbb0152c9ee88bf3b5aa,stage2-v2-unit-38893-fbaa13e3bbf6,fbaa13e3bbf65868ff922abed5f31da16531be5da5bfa6d7e5d78e0024ace529,d6ede050c0b92bb4ba9fb56aa5c805d66218b47858846dd88bcb81e2fb40e9f1,0.00012951667918059684,-3.887674299461842,0.02503639648443664,0.0023675049014855176,0.0028056309074599994
P-budget-2048-seed-43103,P,43103,0,74001,2,12,stage2-v2-unit-23023-949efb85bc5e,949efb85bc5eb2cc501a029988c53f9788d848236f0d5a9af6104415a2eb81ed,4734080bbf4bbc58dd244a98cd3fa08fd08748d22e1f2432d50fcff27eb15554,stage2-v2-unit-14984-60c0c49e2c76,60c0c49e2c76132b854b3ba3e81dee88c1d4b62d03e98224015e420e1c903aae,6b13067fa25419e939e2f3809293a0fdfc8a249246ec740db9b58168d6258279,7.080903482403755e-05,-4.149911325306158,0.019978345746188956,0.0017022432016347011,0.0018420459864501026
P-budget-2048-seed-43103,P,43103,0,74001,3,12,stage2-v2-unit-39496-ff791792deec,ff791792deecb8c78b6d410daed0ee14ac38656e31acad7f12336d75853e0b8d,b2b14fd6d64667caa7dd93e2343af34882fa3638963c851be9d165899699e6ce,stage2-v2-unit-18368-769da613f002,769da613f002b6313e38cf93915a15676f9d41cc0fac2f02ca4f47374e7ab2f1,6da7e9dd6dd7c592e0f58837a2f38e9533dc0af33386120d3d724ca433a4d4a1,8.32895610756168e-05,-4.079409426580576,0.025901403375137532,0.00157577110303464,0.0016398678285440837
P-budget-2048-seed-43103,P,43103,0,74001,4,5,stage2-v2-unit-38819-fb42bb0a229e,fb42bb0a229e8538395b160536c7d178fb6a393c010a846d96055baaad7ad51d,a21e4950777c019de47b41c5c914e79df5ae5c7480a9365ec9aa82dff7d9d732,stage2-v2-unit-16287-691dbc1426b0,691dbc1426b012ba90d0a258f372ae440cacc823f63bc61891fef4bbc6f8cefb,f659d49fdf52de32a1da5f431acd1e83686b5af31463e45f9681d612c1d5938a,7.301355941535803e-05,-4.136596479161343,0.01896366182839134,0.0018663994299004116,0.0019837830968754133
P-budget-2048-seed-43103,P,43103,0,74001,5,10,stage2-v2-unit-03704-17f68cfd7dab,17f68cfd7dab665eeaaed7593562f9c840cfd9c6ed619568ad64b4167db83239,51aef2eafd9296aa301c5202b4bfdaad5f9915c053d3ec408b830ccd21f07e8c,stage2-v2-unit-33841-db9d0f8314ee,db9d0f8314ee732861ddc20b991322891e1f3efb9509c1598657f84a50d680be,5aebb70acb69ff0e7501e08f399eab838256afabf929692b3c6fcf612a79df9b,0.0001808417789561645,-3.7427012294244846,0.07843244074200977,0.0010634264451709896,0.0012422748341123224
P-budget-2048-seed-43103,P,43103,0,74001,6,0,stage2-v2-unit-17366-701efd168d66,701efd168d66d9c6ffe81782f140bddcfabcb5b147db2ea78faeaa35c221a4f6,bc152b88377ae7e3a3064a2f1031c8bca8ef3636c1055382df7f4accd18bc832,stage2-v2-unit-18338-7675e5102bd0,7675e5102bd0db2a89259c9b2fdc50dc6d2d1bc4581ff6d5f34ae6a9a073f4ae,accc22b95e289d974db4a9038add9a038df92aeb448951c2a19215ae89065c2b,7.609285870557869e-05,-4.11865609973784,0.03109004122307452,0.001257484428265343,0.0011900150188921543
P-budget-2048-seed-43103,P,43103,0,74001,7,4,stage2-v2-unit-12482-50fea7f8b45c,50fea7f8b45c0d77c60897a8dd57749105ac6fb2bcadebb620a6947e4b61a936,b2b4114e2c9b93e978520fb57861c0e34c43b823efb935862784330da6b2474c,stage2-v2-unit-07349-2fc9791d29c7,2fc9791d29c7291b859a7851afed1e55e4e26f926e495ea097b1bccec0837d84,47859b86107478fd787fc6896bb18e28f2f7468dd4617ddfd5c87fb61892a163,7.053919892996419e-05,-4.151569476654234,0.010864340609207417,0.003252505261116312,0.0032402218603237998
P-budget-2048-seed-43103,P,43103,0,74001,8,8,stage2-v2-unit-38315-f7e125a2cb11,f7e125a2cb11d65bec69afa43dad799c2da893d63a57d3ac35175479a5c39a93,2100e9db98b6cfa4cbbd8f583a62aa3f519bf3dab970ef3ae843839006a51358,stage2-v2-unit-35802-e7a273a87bb1,e7a273a87bb1a2b978464a1f687da7c420209b45fd1306dbdec732d39bd1b4ce,34bd30073bc74cd8a70ec4a7c1ac2d9e37d0d20d508353c3fb9a057b24e97657,0.0001329317724980683,-3.8763712043738434,0.03130164614466604,0.0019587088211210357,0.0022880893147885217
P-budget-2048-seed-43103,P,43103,0,74001,9,8,stage2-v2-unit-01384-090741b51363,090741b51363f94e98710aa8fe2f6c710a0a96603802c3e07fc2d8e03be3c06d,0fa70e894098eef57eb0e699471df345af7a391a3193859b8bf0a7394078ae78,stage2-v2-unit-29238-bd22d2bfb84a,bd22d2bfb84af40b416241e21ff3f5b09d0fd2c94c11d308dd74772785acf83d,58e95c9cecc9b4ce72c633e187981a48b1ea08f36b7dde2be55dde0ce7f199ef,6.132801939884303e-05,-4.212341060716759,0.01427793536041177,0.0021062636506030685,0.0021890366047045973
P-budget-2048-seed-43103,P,43103,0,74001,10,15,stage2-v2-unit-10128-41ca69e8c3de,41ca69e8c3deee34e7a5d7d4c7a6c4a982f9eb6159e2986cf713c2d81aa57b5d,36252b479049acd3ff03e90db0df26cf1ad4bef01d0c4025ebc82dcf06826379,stage2-v2-unit-17985-74311e7a32ce,74311e7a32ce29c162b81064e6b148f87b1d9273977eb9254ccdca9863194895,c18fe62cf2ffe94307d852ba3f504795ff1aa73b50758d8215df00e2f2b9cfa3,5.5001220331973855e-05,-4.259627674550068,0.015093719707291306,0.0018391548546787817,0.0018048256483780278
P-budget-2048-seed-43103,P,43103,0,74001,11,5,stage2-v2-unit-19923-80960b1d3cb6,80960b1d3cb69c1a669b647663f3f68ce32fd1498beccfc1a209e7270ec54e21,3ef2bf6f7100da75d8e57c35d81b036dce9014397c26e06b49f5e0b47483d181,stage2-v2-unit-28651-b937f6e4482a,b937f6e4482a852cecda1249eb9a8e6d841e6425108b5107ea7b68bfd5e8f263,34dccf2742e389e6a107211e1f7aea5d4c2c0d705f099710cc4b978c5b541f3b,0.00014646217209701717,-3.8342745293774163,0.037765860721448,0.0018546975557001133,0.0020234656662978523
P-budget-2048-seed-43103,P,43103,0,74001,12,13,stage2-v2-unit-02348-0f0c33992460,0f0c33992460cb4118b599a511838aa39a085a0c4d00338d290b3a0089926a9b,d6ed86dc46e2f3c1be278f524d148748dbcb84c402ad6bae1d16df1b54fdf8a1,stage2-v2-unit-19095-7b418cd2bb6e,7b418cd2bb6e75040114d7587a72e017523eb6715d2e5f1c0cd4859e75256f67,170a06b5b8e8f7db564ba8db9bfb1fc423410e8188dc0f5d77230cffcd398d3f,5.831740236317273e-05,-4.234201829073914,0.01840901379418194,0.0015481609652852057,0.001619711198600271
P-budget-2048-seed-43103,P,43103,0,74001,13,3,stage2-v2-unit-16117-680a3557c171,680a3557c17135a879afe2d567f52e5feb8840226450bdeb0d4f52e110916817,66e90458ed79c8830ded9e7bd48eb60fef1330df2ded6bf1ed61540aa129e029,stage2-v2-unit-06859-2c7b28567f5f,2c7b28567f5f594519bd4ce6ecacbbdae150d134b7600edeb943c15710d1d95b,e00ddeae49475a2f4ccebd983ef06a62c8d4c2c8f15db1836feeec05a8583f32,6.796174201895155e-05,-4.167735497673476,0.018662174796875347,0.0019115377294838254,0.0017301461984970956
P-budget-2048-seed-43103,P,43103,0,74001,14,9,stage2-v2-unit-11024-47a62e49c0ab,47a62e49c0aba7374583d6f1339832c4b53353059b343b0f9b12dd80c02d6fee,4fa5ba864a436008936bf525ecb0dc56bf46c5189ace8dc06a40e8465d8e4c2f,stage2-v2-unit-08327-362a00336e02,362a00336e028f29ff51259fae5f1da7464758beb3eceb2dd05dcda5f11a1556,30b68aa45e5a46d674d2e6de7aaf72eb95e80cf3de42b7525d166ee8a06fa89e,7.618779881113369e-05,-4.1181145737164995,0.019586652129723964,0.0020392508695294964,0.0018505307177747454
P-budget-2048-seed-43103,P,43103,0,74001,15,13,stage2-v2-unit-25886-a6ee5dc61a9d,a6ee5dc61a9dbf4e6241a9e9b50ebf59cd8f2c93484c93d57052bc43a1721b7d,5d4624ff6548ba5145103df90937950690a7334c4965511b0bd2665c4c870385,stage2-v2-unit-15593-64b51e99d2df,64b51e99d2df21f45521562e69343a4c32e3449d39239c444235ddeba3e61d6a,4f968c12fb99971bad88521f942ccc7418558e0711f426f2ba030c87ff502fc6,7.493693144056124e-05,-4.125304094611803,0.020752507045530336,0.0018112130762801826,0.0017997690222273377
P-budget-2048-seed-43103,P,43103,0,74001,16,13,stage2-v2-unit-09705-3ef776548df9,3ef776548df96eacf549ca4e8f7314c77774cdf6e1bd0ba9849e9850f19bc88f,2a2ce9d4f957896640bd98ffdd63e72f0e91318bf97a01a60bbaa26520675daf,stage2-v2-unit-27216-affec99711f4,affec99711f415a9aacab477068f4b0257f3372abdab6ab65914bd6b32b2e055,a2114cc1eb96b43e6a5f1fea4a85aa7eb9b8bb14bfc7a46ea502ab25350fc6a3,0.0001304985407273307,-3.8843943447058633,0.03360997669669449,0.0020477557886806608,0.0018349764698086801
P-budget-2048-seed-43103,P,43103,0,74001,17,10,stage2-v2-unit-30836-c7d6d8785156,c7d6d87851565560cbf35419bbb247915d22e1be6cef7c9486a48bc72b7a2779,f011ea54a393ad22671e9d096f4cb26d595a1ec018716553f953f57769e924c6,stage2-v2-unit-23719-99219d6596a7,99219d6596a770dc70f12accc0f2896d697b99d8ba2935e680390f2b4d646d74,3dc6110138702c591431a6fba91be44dcdd0aaf66ed1e730a9e7e13f8e0b1a7a,8.404406531781206e-05,-4.075492948384226,0.02498481077029193,0.001626748793569277,0.0017370575642416952
P-budget-2048-seed-43103,P,43103,0,74001,18,3,stage2-v2-unit-22432-91007531793c,91007531793cc45e740d742e64c144a615396064ec7d6d0a7265559fe2ea273a,5b9f158ff80939c1a411d7cb2a4e90823ad0cacbbc57d95081146327a9f7b83d,stage2-v2-unit-32902-d57397a4bafa,d57397a4bafa3d720ecd477d33fd3d5a08d91dfc86fd1cfba490f5563a518aec,09bb688012b603f1b37ac70340b9d1e8056a63c57d09410d117360952b90e309,0.00011527443950853922,-3.9382669807454262,0.04921828267624724,0.0012058769611940079,0.001136229127041588
P-budget-2048-seed-43103,P,43103,0,74001,19,4,stage2-v2-unit-31921-ced0e669b784,ced0e669b784eef9c9bd2ec4f7a70c9aaa7a60dec9c1006e81221bbcdde22d70,51f67e19570f9c8fb6c8277f22e2435e4aa6b6f9bf401cb373b91cca053d77e1,stage2-v2-unit-02211-0e394ddbd02a,0e394ddbd02a2f96a5eff5e47f99246bd1f52c5dabea16a9c44689fbf8e4b861,1438df18588e6ec30dda68771830c52d17bbe219bab972479077dcec7fe35256,9.03808086150093e-05,-4.043923777460829,0.03445720476603892,0.001288410902702708,0.0013345763427423663
P-budget-2048-seed-43103,P,43103,0,74001,20,1,stage2-v2-unit-09494-3d921e82f4c2,3d921e82f4c21af957a5798954ab437c70e16cba2738d462280976453d64191a,92920c45834e406e84d1a9857476c23b211a2d7ff09ca388efc240492bec3450,stage2-v2-unit-13468-576f93cd8907,576f93cd89076cc177ff43485313c4d3a11fce239d6e3651eb68055eb5063ee4,93a068cbc9a1012943faeb6192d25e74ec969f488c8f747b601464b4d4a2d56f,4.1225753761864325e-05,-4.384831395073967,0.012575004889944934,0.0016309871693920286,0.0016474015169478662
P-budget-2048-seed-43103,P,43103,0,74001,21,15,stage2-v2-unit-39504-ff8b8a75e51b,ff8b8a75e51b606d50ab96ce0365c8b7af41064d3cd6587c9ecdc0b48efa182a,79b5492a4da73396b11290d8cc432ddc040c10be5f81f0fb03aa46c46b642ee3,stage2-v2-unit-32632-d3c42fbf147d,d3c42fbf147d89499c7062963a1f1bdc7e2a6ddb7bd902e42e16f3602895f279,5d1c499576ce73e467565b93bee35d8b55f9c795bd31e395edec713a4a30bcfd,4.7917384584650335e-05,-4.319506894530521,0.015326164183665425,0.0015452765856025508,0.0015812320443728822
P-budget-2048-seed-43103,P,43103,0,74001,22,14,stage2-v2-unit-13686-58d36d70eb84,58d36d70eb84ea179427decb4a40bb40147b445241020222a68d29a5b3beeeb5,4a08e2c6544ca9553f71bb68ac3ae37141c4fbcc2604a797a9f26ba7a12f2fec,stage2-v2-unit-04495-1d4b008d8b81,1d4b008d8b81c8efe60eacbc9905e7e4e0c89278f4508fe7638087e94c2ca5a0,3eda24cf639f9172571a3f03d34a0d1b421c31a25ee7c1961c2c0b7d87951380,7.904036371542134e-05,-4.1021510699483,0.0261435959064535,0.001588416948379745,0.001434899507330556
P-budget-2048-seed-43103,P,43103,0,74001,23,7,stage2-v2-unit-15570-6493a1aab058,6493a1aab058844d7ece06308edc59d4326f63b0dffe81249b32355404b84958,0cdac294bb2eefa2e36b4241a3ce15bb5a259cdb7be9a7e15f98d01eb989f114,stage2-v2-unit-28295-b72053e31424,b72053e31424d653e8711296e5c5f5db4e2ea9df922b760e7fa7f5725e46a4f5,094697017f50655dc41d82bac2152c27fb90faab6c1c1354076fd606746bac7c,5.956324676503755e-05,-4.225021637083251,0.014144645371875543,0.0020977638314434444,0.0021132464271431672
P-budget-2048-seed-43103,P,43103,0,74001,24,13,stage2-v2-unit-02921-12b2599ac2a6,12b2599ac2a62f344c3b6e36e4766e54d8a5adfc8b647f33c7fd81e11ec4f663,f98cf3e6c22cb16064c59f648fb4ef1d45b8da599c8f818b7fe0069ac7cb478e,stage2-v2-unit-07913-337043e5bd3a,337043e5bd3ac88ebb7cef7aa82ef29254186b8a5244f7b2963c7194b698a4a7,bbd4f975a2dfb09284dd98743ba648f15d5ae5f17f3c77ba3b13579e7c5616e4,5.698654649677337e-05,-4.244227661377464,0.007078582482076735,0.003999352073151385,0.004051207009979407
P-budget-2048-seed-43103,P,43103,0,74001,25,13,stage2-v2-unit-20182-823345e564a1,823345e564a11e962fb198dd1430c497eb1db783690a776c3c167f3c61938513,222fdcd0e475ba105e4f317e43e026df948478fd27262e4c06ed45efec7183a3,stage2-v2-unit-09007-3a63e323ae91,3a63e323ae915b4d1ac7760cab22d6a092c647a8937dea1959cbdcbceab27bb4,ab7eddf6c007ef4fdf5018d76c291a6f2db2df846936305745f30a556de81ad5,4.854554150313106e-05,-4.313850650194729,0.011384229158778071,0.002138490494871803,0.0021257895741655375
P-budget-2048-seed-43103,P,43103,0,74001,26,5,stage2-v2-unit-25515-a49867491644,a4986749164455f19e5933f871e1b4e682dc24ff77c5a733e8e747a32e2170ed,b03a3f6cf4abca881a002da43052458eeb248a963ac33ddc13730de9667317b8,stage2-v2-unit-02017-0d38d2316076,0d38d2316076e382ae9680cfe115d519bf708bd5c0aaeeb1f0a89d54724f754f,adbb3caa80f7de7f1bfab620e8fe8b10f21bad7f051902bd30612727145a795d,5.5033722915709404e-05,-4.2593711070859905,0.01292116419269547,0.0021110245143063366,0.002148167776340415
P-budget-2048-seed-43103,P,43103,0,74001,27,10,stage2-v2-unit-13332-5697b6743157,5697b6743157297413a72f2276d97a887b7a15c41de995d787d3b9483340d8cf,cbfd9ea172925e229c857c00899bdad4a1620a3cf76b1637f8b75eb33872b73c,stage2-v2-unit-01809-0bd1a17da967,0bd1a17da967ca4143657d8aa1cbe7a30776c3fbdf8f3e48e6616e17287a5081,0ff8b7e996d794156e4f048837531ceff9705892bd5442fc7eb46bfbdc44aa9e,6.652318710109739e-05,-4.177026952067333,0.0076751045597956485,0.004383310702905874,0.004284087452106178
P-budget-2048-seed-43103,P,43103,0,74001,28,13,stage2-v2-unit-18612-784f478c4e8d,784f478c4e8d5c04c40af1600e04644bfe956bec75ef9051fb9e5c6ac4bf674b,fd48ffc961324f752e6c0af063ba83c3612f6d73ac2f36a7328ea3904b5a94b9,stage2-v2-unit-13384-56e5fae36647,56e5fae36647389339d4d7b0c75901adeeceeafe3db7d28017618d26badebef4,cfda6b68b49df5aa866c30b30aa7111dec08dbf957486369cbe337423b9c7849,6.634160121166133e-05,-4.1782140506188155,0.022142547549437137,0.001452811491844841,0.0015433027115250297
P-budget-2048-seed-43103,P,43103,0,74001,29,5,stage2-v2-unit-23505-97cc33441bb3,97cc33441bb3a5058b4c26cd91bf2c3e6ac4c9231b53604b6af01007b5c830ad,7c9aa33dd6cd9267ca26ff85b642417086572cbb03dccc850c12399f1ad5a52c,stage2-v2-unit-14508-5dd2d36ff7a2,5dd2d36ff7a211818b939b050db01be144f0f97b86d6687073fe665de56433d4,4caed3ee6404792a44f0dc6d69335e49f496a77e6e6665cfae5012b6b14de8a4,6.744729130048199e-05,-4.1710354870132065,0.014916903227802281,0.0022617299619014375,0.00225980445247842
P-budget-2048-seed-43103,P,43103,0,74001,30,1,stage2-v2-unit-31093-c96d25f9f324,c96d25f9f324aabd694903de4400acf59dbb88a3c7bfff7f5eed7b631c99ddcc,d3c631b775dda85a7f318a08a443a191d9556aa5b07708a9c0248de766e90c29,stage2-v2-unit-25603-a53cf126beff,a53cf126befff9362fdc726ea213596c2c6045fa91f25782a0d945be9ea71082,4fdd5a69c776cb9eb456e1ff62243e13e135b0953a4a634e83622dbc0d2def4c,0.00024149264913830848,-3.617096084321401,0.06779134629485076,0.0019585976883718104,0.0016036954705214157
P-budget-2048-seed-43103,P,43103,0,74001,31,2,stage2-v2-unit-38233-f74e514a2ade,f74e514a2adecceef9e24dfb04615c8bb841594a5c45bdd893fb5762956120d4,4088cea66aeec5afeba663fbf92dd68c566564e74be9dd6ddd58eca3ede82c65,stage2-v2-unit-27411-b14da44153e3,b14da44153e351a03279adac27e30e6d0a3c04f069c9c876ecb7c2e069f5cbcd,df1061412ae2c42a3ff16ed4deccc91bc8a30594dfdefc9497f24f2a52be6956,6.122831959487485e-05,-4.213047659569455,0.019198452094080207,0.0016132751120494504,0.0015759569830606779
P-budget-2048-seed-43103,P,43103,0,74001,32,13,stage2-v2-unit-29727-c0427e3c5b28,c0427e3c5b288c646797d1e49bbd026273090d40532d10bd4a896186365358be,730d70f44ed8b4a563cd15be53cef8a3148caba659cb7e1890015b3863728e72,stage2-v2-unit-37747-f41270e93ebb,f41270e93ebbbc12546f953aacdbcc2307dea1187f47ad0f2ee19bdf88ec45fc,3e038daa0ea9f1226110d84f86ede6668d0c82b4a8b6d273c73ca97f7c831e8d,8.968184801005918e-05,-4.047295451123364,0.02131248989826051,0.0021244093131826958,0.0020835386289945745
P-budget-2048-seed-43103,P,43103,1,74002,0,12,stage2-v2-unit-21381-8a32ab4f1a69,8a32ab4f1a69001bf448a9da4a56ed722c8b37ec4a4a5b0422f97e7b02c4f491,61a024f8a26b2b3857f159ad56adad47c07680fbf5099a7a23beb0139866038d,stage2-v2-unit-09171-3b6c8f08636d,3b6c8f08636d7daf3620cdb86a57388c64ea8af706abead328d38b7fd4866acc,15f940921c5ec6e70824c95652fb0361961a29c9cc44a962c2008e12abcb3f3c,0.00016950537803950283,-3.7708165180164945,0.01915888404702677,0.004952915987814777,0.003894435330948909
P-budget-2048-seed-43103,P,43103,1,74002,1,8,stage2-v2-unit-21827-8d1cda412d6d,8d1cda412d6d1da5b53c0b7dc1d82e1b7db447922b295e950a8935e31a5b50f2,6ed0663c22b5733d0afc25633e717b18b5574ea8b41f169ac66b181966ba7cab,stage2-v2-unit-13489-57a03827255d,57a03827255d899a78dc6f9fbabb178544afa05b8cc47b547c6f3fe193d543b1,7e13bb9e30b60bbc89e6f100fbd803973913af6eb9ba8a308fb3cfb476ac0d58,8.721888170271086e-05,-4.05938948603516,0.022795582073567213,0.0018943150653285556,0.0019318158674650476
P-budget-2048-seed-43103,P,43103,1,74002,2,2,stage2-v2-unit-32659-d3e631c5b50b,d3e631c5b50b11ebe1f92b0d7abfe403b42a16630b1b49be3cce114cf8534ee4,975494dc6d6897802f9b44f22a01354d18bec699a6a4fe28d0b181b99024c3ec,stage2-v2-unit-21769-8cacbe121d7d,8cacbe121d7d68e8da792163805517836939ce808ec8dcf53e8042f07333cdb9,290c9690f5ce377749465ce64a014e856d55e3ef542532ce7a155d46719f3cd3,0.00019801468715741066,-3.7033025960270685,0.03607160045184051,0.002733267871008138,0.0027562220511754276
P-budget-2048-seed-43103,P,43103,1,74002,3,10,stage2-v2-unit-26633-ac0c85f1d9c1,ac0c85f1d9c16b05bbb3e48e3138d746ce80d35ac550341dbd174f25438e810a,91c371e5f0c7255b0e83c982787b4149e0f5808543a7492c87bad9f113561a41,stage2-v2-unit-03185-1470b29ac1c0,1470b29ac1c06cc0151ffbe1c77a814b36b26c8a329f665f01b443d175ba19ee,6af043c646351d5be22ab6ec4630483db86254c343022240d5adb9d1fdb1e49a,5.229023541630795e-05,-4.281579402925109,0.011872176741300337,0.0021040120263933204,0.0023004233653409756
P-budget-2048-seed-43103,P,43103,1,74002,4,11,stage2-v2-unit-21451-8a9fd1bf6351,8a9fd1bf63515a42fdb1a1ec876ab242193dc1056dec983ca603f257b243cafa,83d7ab5ca2ddd90a3dcdab4ff52c535544f9149132c16c2f8622edd58dbe3a35,stage2-v2-unit-30893-c823461b6da8,c823461b6da8ebd543b8b19bd57df6d072a32dc9d03a5fa8d074854a562ae3d7,2faa5daafea37031191359a242b35de781e891eaea377912ee9c5c5ad20e1bdf,8.281026629219923e-05,-4.081915818798861,0.008404355117648006,0.0048449624782733736,0.005008293974242406
P-budget-2048-seed-43103,P,43103,1,74002,5,14,stage2-v2-unit-23991-9ae79af536d7,9ae79af536d700a1e2110a22335e6f129caa4397d35d76ba10cedfdd4ebf08af,32b5b312059e2ceca6876e05fe303769ea85b3dd9e4c9118f632e4a142f7385d,stage2-v2-unit-12410-5086ed34abcc,5086ed34abcc0c8145f8338caae4ec80aafe0d3d9de4b92bcd3541b3b33d3e31,07b20e181d74a0e64eeabcc62dbe34cbe4efa42feedaf760ec4ea859b78c8f8c,6.379711095405582e-05,-4.195198987816776,0.021335598937965234,0.0015399108870042255,0.0014502611320494907
P-budget-2048-seed-43103,P,43103,1,74002,6,4,stage2-v2-unit-08708-38837cd2864e,38837cd2864ed11eba859fa3a77c1d52a405d067ffc6f51b67189d9bd05e9360,537960d486953aabf7bb06b21751396861a1c8a26b88217bcb2ac4275b7253c7,stage2-v2-unit-02722-1169180d4402,1169180d44021088de1d51e7ab40c75df0e964d79c52aa5de802bde53a7f6ce3,d5edac598ffd861390fffecfdafd42295d6195c55175aad11243ad4294be241d,5.381830808914856e-05,-4.269069959472607,0.021686511115330053,0.0012462774097912188,0.0012353715655990527
P-budget-2048-seed-43103,P,43103,1,74002,7,14,stage2-v2-unit-15053-611553e99ab3,611553e99ab3fb7ad7f215adaa3be72157838b6b361727f8a4d872b92a66486f,877a1833fc11a122ec09719138b45a2d1f1cb879cc87b27acf89d7dd1caf1dd4,stage2-v2-unit-25376-a39052e88cd0,a39052e88cd04990c9f6057462e3248be1ed92839bc0aafe2d0c0a95909edc53,b09998d3607da5d7148014d5a0419bc1c48c3a97fc8e3c039cf1f0b6882c1c9e,5.3119246132382614e-05,-4.274748097097674,0.021400523092635258,0.001203920536681835,0.001278226553949935
P-budget-2048-seed-43103,P,43103,1,74002,8,14,stage2-v2-unit-01084-06fb5f2d798a,06fb5f2d798a0aea9392ad5d5bd5882c6275b34149514bfc79a3100beeec6d49,1ffef478247a13f6dcecb3ee2a4f52e761b55d9d29745f11c8e04d4f9324d602,stage2-v2-unit-35054-e33118756098,e331187560987ce27fc08250669af9e25303b3316a73964ae2e3a79c7cfcf2e9,87f5691f36846c77c400cc0e2ba327d807bea8f8648dbadb07bc66eb3abaef49,7.58974625796327e-05,-4.119772743288769,0.021512621532731063,0.0017522678444947815,0.0017757755631464534
P-budget-2048-seed-43103,P,43103,1,74002,9,12,stage2-v2-unit-32534-d2fad1afb88f,d2fad1afb88fe7cfc83b27a6ccb2629ab3898bca7d9fe0a96dd43c834e5875c6,0ba89712b4076cb36c3943800d58d2404e17a84296d1417137d0293d4cd7138a,stage2-v2-unit-00457-02d4bda8783c,02d4bda8783c184b33e74152faa8c0ef16fcd81aa48b25260e18ebbc52593436,2c620a32cd796946e5f79d1bf1c5b4aead7e2604e29f9ee5c1f802c1b39b0241,8.553890927487373e-05,-4.067836291826738,0.025750994132044413,0.0016522773012184189,0.001669493844246972
P-budget-2048-seed-43103,P,43103,1,74002,10,11,stage2-v2-unit-04813-1f2f886bce93,1f2f886bce93d54a1c91e24bea901fbdf55306b97d59194adf363bff44081b1e,5d36e7be92aaabdf56d436e83bb6d397f898f5ab7a259d0915e4ed70572c3818,stage2-v2-unit-21326-89de481b03ca,89de481b03ca2b34efd138441070ed1e420e6f3360d548466380472b5cf30f12,c1cf98261f7eb2ec8f70d83436fdcf5a25c036acaff318cc805ebfc587731279,9.086478348763194e-05,-4.0416044039114505,0.023234452842834055,0.001992096009416855,0.0019186818385605875
P-budget-2048-seed-43103,P,43103,1,74002,11,10,stage2-v2-unit-05163-21698835b913,21698835b9130d76c13c5d7a6a1d19b51fd4c066678e2000452fb21049770321,175e9e0a3c7d9008f0cbb02da40d77495d497516675f1a6441ac73604aa3442b,stage2-v2-unit-07134-2e51badbccf6,2e51badbccf61605fd75dcf456e11c44129f6da581243a8900e550f6f014e798,79b48c4a4711630eb609cc23cfa228a10700ce6e7e8de6719c9222e4269b9b4d,6.999784621086746e-05,-4.154915322744683,0.02346765994314321,0.0014978811814216897,0.0014848553325919056
P-budget-2048-seed-43103,P,43103,1,74002,12,1,stage2-v2-unit-30057-c265b2e826ad,c265b2e826ad2d902c944685a40146d6d665a991769f4f946344081cf037580d,9007971cd813546bb0b1bb1023949f424cc4362a4a0200895d0e5cca4998dfb7,stage2-v2-unit-22038-8e65a247c141,8e65a247c141a310fc93f8a6828cd5eba4c74c8f51f2a1fff74925e0448040db,a1d08218ea00c524ed1ab86018e6a239902f0df954fb4b8a1296091f5e83fd06,6.539086541579309e-05,-4.184482914926326,0.021654891413611092,0.0014236400506888458,0.001596041007360327
P-budget-2048-seed-43103,P,43103,1,74002,13,0,stage2-v2-unit-29327-bda53b2e1af9,bda53b2e1af9c4e62c571dd4843297adcbc28273cffdde09b6a691cb4c9ded5d,0714a39a18828bbde641690ad0a46b90c0ee9eb12820f266882c54a9f896a610,stage2-v2-unit-13138-552b2f68bd63,552b2f68bd63547f87c02ae01d533267eaf6d2c62a8da55f7d6556f3ba18ab55,2086dd76f87d9eb4eaeb5c393859ba097fe55c429b1f7ce47d322e5acfd2488a,6.253575133996492e-05,-4.203871627926591,0.015970367850424244,0.0019229350989462546,0.0019928013402932265
P-budget-2048-seed-43103,P,43103,1,74002,14,12,stage2-v2-unit-10967-473f40eae2e4,473f40eae2e4191d05f350fe047844a91c6f35bf89f3f12f4351bb601712ea7d,4e35e5049c3835bf8138544ef1a4d54ee95906c6cc1f8e59733868c9b7fa9f3b,stage2-v2-unit-13342-56a37973c726,56a37973c72642c997b13318248e190ec332e1e762dbc2e98f06cf4d6b34269e,1d5bf04edf0d3fafe070a8e11c676c12a8df73c1cdd00723bafd0d027a0ca2a5,0.0001218084349829951,-3.9143226366643096,0.02185930458255445,0.0028019859173582518,0.00277039789398259
P-budget-2048-seed-43103,P,43103,1,74002,15,11,stage2-v2-unit-37561-f2f49776882b,f2f49776882b5b15ae076f122dde0fb5ec76c0b8d0e197471654607b88f0406c,aded61db623760e9ccbe5468a6dec8d916ae83edb7df3d6df012e9a7dddd2528,stage2-v2-unit-12503-51153ce353fd,51153ce353fd0a4e64e64fb737e3d9082bfc92109901b5a5529abf67193f4a27,2f8b80d432d38fe57a3c8d29edcb28b64c42bda6d38b5ca56a2725057c95b227,0.00012473019933167961,-3.9040283836085075,0.03327964427326425,0.0020122939931752626,0.0017356486923745251
P-budget-2048-seed-43103,P,43103,1,74002,16,9,stage2-v2-unit-05480-235b5abf448d,235b5abf448d062942a7e10d73a1c228d572089be6c10a92f6c9e000c32dbc6d,7a8e8c5b1603bcd037096f0134e1e8f95033e7626cefd136b9463847f2470959,stage2-v2-unit-28704-b999f8dfae32,b999f8dfae32cf8b0a2c59778e79ff90fdc0eaf0138e01751f1572d03a10afed,43afc83c14256d4b8ac1faa217deadb84431074822a745f92ea1f26a2533951f,0.0001320148746799532,-3.8793771322223876,0.02850290431437151,0.0025377369674970396,0.002093891908771184
P-budget-2048-seed-43103,P,43103,1,74002,17,2,stage2-v2-unit-17465-70f170f21870,70f170f21870b6ed8d64775cc8a985b8a585d499f99adfb83855cbae006c5c40,814be36c5a57da1aebc5c8818020e9a03eb30f462696475ba3cb27c32ab811e4,stage2-v2-unit-18956-7a7b0647e04f,7a7b0647e04f07058f618befcc3114dce82a4a8057c459ac622c945273ee6a48,fdb1922948c04dfba365d26d4de92aba6d426c5c28f9183d9ff8c3010dacb7dd,8.773834559860916e-05,-4.056810558945991,0.027029151651460987,0.0017033457479556091,0.0015427178625486704
P-budget-2048-seed-43103,P,43103,1,74002,18,7,stage2-v2-unit-29727-c0427e3c5b28,c0427e3c5b288c646797d1e49bbd026273090d40532d10bd4a896186365358be,730d70f44ed8b4a563cd15be53cef8a3148caba659cb7e1890015b3863728e72,stage2-v2-unit-25999-a7a0fb4c6a71,a7a0fb4c6a71390b7e5caf099fc6ce0ac6f212bc723bce393141156b16c786e7,da5e91915ba67c8f83774ec8e85d589ef8692f2ad77640bfad24b942dcfe4377,0.00010624417262761199,-3.973694881184253,0.03614090810681381,0.0015613511195624596,0.001378369496023879
P-budget-2048-seed-43103,P,43103,1,74002,19,7,stage2-v2-unit-08860-3978db03d4bc,3978db03d4bce7c3de0fb040c89eaf7c67d5b8ee16cd9734343f257e9efa9f99,07bd16c2e909bc8d7aca216a67736aaa31b4bd2eec4f198c5a5da77ff433127e,stage2-v2-unit-25779-a64f36141ce8,a64f36141ce855f8792e323a8f054d44128bbe5abd986768a8d28ecefc227682,3035eb26aa869e8a9fe10c3062ca9288852302d1c95bd9cd51509808493f9d50,6.549852497528263e-05,-4.183768480196132,0.014617752342306481,0.0021882303713027795,0.0022925217608644743
P-budget-2048-seed-43103,P,43103,1,74002,20,9,stage2-v2-unit-14766-5f79bf3f329d,5f79bf3f329decb0811a57bc3705c7e6e40b30a66181e27bcad3914fdf00f6b1,ed26ae3938c23708c25a2c6716f07e90fd9c2d756c5973aee36ea51e5c1e7f5b,stage2-v2-unit-00719-04b0051c96d9,04b0051c96d92b141d3aa16319d1109f43d9d94971d7dd28f54e1702e0b84617,079c25dbe80ed3e8066b21afd10b1d7e2d8825e42e0e50838fa80529153dcae3,9.819773654839992e-05,-4.007898522557948,0.025847952075356707,0.002012325639498158,0.001786727231774421
P-budget-2048-seed-43103,P,43103,1,74002,21,10,stage2-v2-unit-32680-d4001419d2e2,d4001419d2e2f93e0d3ff15f75fa3be7e91ab54ad2809e8580b8a79ddb0dffea,c046f0d58f6e6c8ca6f7f77e7c8ab3e7e876b69cb72aa1eec036c8e08fb5a415,stage2-v2-unit-00920-05ef58d3e6fc,05ef58d3e6fc4a553b78ccc1412887dbfe1f4e0c2f8b39ca270fb7361e597ab6,6e00d8ec8aef1c832d0cfe2af79f8002ac0d00ae1a40d68585fe4640a692e7df,5.046523797602731e-05,-4.29700767442834,0.015627014170256866,0.0015996326251297432,0.0016297263186970667
P-budget-2048-seed-43103,P,43103,1,74002,22,9,stage2-v2-unit-28090-b5c26c6cc3e9,b5c26c6cc3e90b06fba9fe379717df4f1c4b17e6135f01378c258133e53ed158,79caa3a2f00fe16f8cb4f98aaf5896ce282ebf3ede074b5061fa5e4027d28afc,stage2-v2-unit-05361-229b06c2004f,229b06c2004fcab1cd1ea2f4dff4ab14150dcd88924a7c04ec0fd8ff6cb33130,4ca3f638c806afa703b6e80e4598b176aef26c281d0ceb0ce19c5feca1c54cbb,5.877935495846032e-05,-4.230775184161984,0.021742377393098568,0.0013922533007644233,0.0013111932403262472
P-budget-2048-seed-43103,P,43103,1,74002,23,2,stage2-v2-unit-13871-59f01d68c4d4,59f01d68c4d43fb38fbf5c950cc886046543f531af619e03a78cc45a557366f1,b0d3e036ba4419caabb5d101812e2318de300c8a29823bb86fdeea3e1c20355b,stage2-v2-unit-20695-85c5d7cb1f67,85c5d7cb1f6792b0e5a34bd69e4d5ec8bd3256f1a42bffa63f5fdb6ce6fa0403,864d3f5a4145d8b17354e49db1c0bfae4310de789863a76bde6a927580e149fc,8.805210700302268e-05,-4.055260247319217,0.028088279216117947,0.0015744798047307995,0.0015603547049067856
P-budget-2048-seed-43103,P,43103,1,74002,24,10,stage2-v2-unit-17216-6f3691daaa12,6f3691daaa129191b50b022026cd3646a278401d9551bc36991e2e3ea37602b8,92c363b327d2fe888676b6620c9264575197bac2cf0ab5f0006d6a37f4624743,stage2-v2-unit-00045-0061432a3946,0061432a3946b30c3dbf7f2705670146d358ceb896c54636ea507d658c886924,918547540dfda3b6cb138f9e75f50e56f067e7f2363b1c5131b00edfcdeef722,6.804484266353938e-05,-4.167204785782394,0.013220832801633267,0.002665976405296533,0.002480813035617757
P-budget-2048-seed-43103,P,43103,1,74002,25,0,stage2-v2-unit-28878-ba9d355bdf45,ba9d355bdf4545aa2e08d7757eab57e69eb998e5554001a16b1624aa3f0ed837,c66087c2f3d5cc511bf6738ae801588072cdcdcd1c1328b808fd865ccc7ecce5,stage2-v2-unit-29901-c15c8d8636c6,c15c8d8636c6373921658becefdc29f714bfa5f595e56e8bbd0007bfccb5bb4c,569bd31efe2d21b72c11da9380fc742789183730f1ce663090d95d9b1987ede3,7.39575846750995e-05,-4.131017280576747,0.020409005643219937,0.0018158726725232555,0.0018078993998642545
P-budget-2048-seed-43103,P,43103,1,74002,26,8,stage2-v2-unit-08188-3552ef896a77,3552ef896a77b12192c836dff5c1633335caba406c7f5008e5b141af03dec88c,566c359cf4713a0efd512d838f2b6132175e6fd06d007738bc83b88844759bff,stage2-v2-unit-30034-c243c6e270be,c243c6e270beff5c220271a5625970e3de5949fa89da600b11277096702b8429,6d3e84de6bfad92fc433ff6ad896d10b89687991eda862c667be0b7d54521d44,4.566000734484987e-05,-4.340464022985348,0.01691428445346084,0.0013700353063086368,0.0013294585723997443
P-budget-2048-seed-43103,P,43103,1,74002,27,11,stage2-v2-unit-28359-b78b83a38e4b,b78b83a38e4bb0717d12aa20fc190b0f441e6d6f103ecb2ae966eb8944a2b75d,25c00b7dc3bc0566a49c1d9f4edb81609a967c0a9d88fc517d7061fbda5319a4,stage2-v2-unit-17837-73427a9acf1b,73427a9acf1bb34909aee71a865ed2761c195d9cce7b0de0d8b85c5623aa30d2,a2804ef2e86834212ad5f835391c84993c082c1182ce98767cf0bb71ccb6fad6,8.372132811018673e-05,-4.0771638908642815,0.023911043671529353,0.0017778466283289163,0.001723519905908688
P-budget-2048-seed-43103,P,43103,1,74002,28,10,stage2-v2-unit-38387-f85b3e495b0a,f85b3e495b0a833b3de0f6871975d38d841d6752fa3f4b490689e96ddbb90d38,3e5906c9a1f39cbdc2882a4c0d40f55170cb082d62b36ed65a7ddd2aaf0c038a,stage2-v2-unit-22772-931d759da171,931d759da171f2bb2f7c05f5ec24473b5062d4a8a791a9b47b4e86d181188ec2,9f12f2dd3902458890024d11512e6869a88ddf80f37cf298870d4df6b47fc2a1,6.664315048965364e-05,-4.176244480269783,0.026348169680304973,0.001180631563101997,0.0013486959499005025
P-budget-2048-seed-43103,P,43103,1,74002,29,8,stage2-v2-unit-15123-619918aa58bb,619918aa58bb2cfa8a1c6a395c4b9f10abd7d5b6e3242a274f5ebb9fb3160d56,0eb1bede2139dc5c3fe7148397ffaac97e1eec991fe0fef4bbf3e2282e71f8d3,stage2-v2-unit-23842-99e5a1ae2c16,99e5a1ae2c169749e51595951756716a9009aa36025c29b59c27098864a3ed69,802d5bac7eddd264a1857dd35c5461108057d7af233578c1bc304bd8555a53c5,8.580900799870506e-05,-4.066467118692305,0.02093945774933004,0.0019783505695158965,0.002119606933774776
P-budget-2048-seed-43103,P,43103,1,74002,30,0,stage2-v2-unit-07531-30f1382db1ba,30f1382db1baebc41925b4b4c22a7576befdc6f04f65041c500d5a088c340ec7,52e3dc63fb0ed2e215648ffc3b929fbcc8031aa44a63ff0627d5024bf8b525a0,stage2-v2-unit-24938-a0e7cc180b64,a0e7cc180b64cacf823a7f297a83ea544398956f0f4eea43d90d2005e970efb8,9b3e56f2105ba55f9fdd06e0029691da26962455c184647616aea67a48333e37,9.893037690744677e-05,-4.00467033633336,0.028941751460975114,0.0017275901423090545,0.0016906679766179877
P-budget-2048-seed-43103,P,43103,1,74002,31,9,stage2-v2-unit-24567-9e91da36cf4f,9e91da36cf4f991865b41936ef87c2baf8500570c4735fad43ee7038a2e8712d,6fbe0f89d7cf1eff782d13c2d116953976470411f7d7721a121e0ddcaada1310,stage2-v2-unit-10903-46c50d0a9924,46c50d0a99245a068e408eb7285f81b98850a7415f15d0c1d411616ec5bbbeca,792614aa58b9d3fa99bdcb9d59a862ad0ecd1acca53d10117c69133a273a8adf,8.550892928838039e-05,-4.067988531608828,0.02775156704805862,0.0015735734887130093,0.0015076553709150176
P-budget-2048-seed-43103,P,43103,1,74002,32,6,stage2-v2-unit-16669-6bb95ddb0eaa,6bb95ddb0eaa073c70360ac8273b4d74b6d48ebbb7e2f134482a2938e8a85a2f,9a6cf426a46adfb375afaac85e24aaa308602fb3de3ab798c2116891de769b0c,stage2-v2-unit-15826-663966927a12,663966927a12af4f692fa1bb978079fe464060a289cdad693b2f33ab2e6c8f51,82030ac00fc37109d112183f067c4813fcf791ae15726084aa369fa5c1153c47,0.0001165495400243799,-3.9334894361311163,0.03137828367593908,0.0017356147232021613,0.001978722913236197
P-budget-2048-seed-43103,P,43103,2,74003,0,8,stage2-v2-unit-18363-76941e7d22ef,76941e7d22efbcf94b266288eeadb1ccaf5c9d6014ecc40f64ed841609043b63,a7f8a89394af85a65b97d0a1a9f793e4b27fe7516c7a3b5ad7c7b84b74920f28,stage2-v2-unit-27998-b5117736834b,b5117736834bf5e648192b023696be7a32320e8f9e3f0a628cae03dd60d39462,4b285a773b542ecc9dfa922cb1898f7b1c2fadca6faf56a2e107f76c29600a22,0.00011671501459886713,-3.9328732713068812,0.017354625656569953,0.0034542621424407116,0.003271035015131929
P-budget-2048-seed-43103,P,43103,2,74003,1,0,stage2-v2-unit-02223-0e4bc50e1adb,0e4bc50e1adb31c162e1d0b8ef7054b15d7482d61b7f152523c5a2ebf6363722,93497e7f10798a04a61bae4a32e2b20b068591c4b2f209d51cdac7080c89c453,stage2-v2-unit-21142-88a80007d980,88a80007d9801fd78ca00220dec6981d39c0831f2e0bcc5e9c7bba625e4e34e1,5c3d7a7e85f9ae5bfa51d1af4213b7b50f79cecdcb8dc7a1861b353ce89b3a56,7.003155462825816e-05,-4.15470623265558,0.01758500764061822,0.0019070747302976088,0.002075383285045973
P-budget-2048-seed-43103,P,43103,2,74003,2,9,stage2-v2-unit-22574-91e126a2385b,91e126a2385b321b475cc2562a6a82af0683436826aa9fb2134b064cef1ae71a,4480ea2f6ef7d4372fb149ced2181846ffcda63b03d6ea332bff22b0c6cf54fa,stage2-v2-unit-14305-5c9a28c3bbc7,5c9a28c3bbc75bd566bbab1011aba584b37c018562feceb1e6d7ec5d3fa44f43,9e681fbeea5df61ccaf5b273c309a6218bd6e9858f37319d2288f633416fccef,7.76862862892358e-05,-4.109655639044112,0.01890613311970978,0.002134077333721507,0.0019749747816604213
P-budget-2048-seed-43103,P,43103,2,74003,3,1,stage2-v2-unit-22295-900220e96afe,900220e96afed50d0f2b30ad605e26100aa20a60a2f31a0e6f492b899e258bb0,5f64c034a76f82d983e8b82ae4e4c868962483b83a5ae1754d66ba57a6398719,stage2-v2-unit-25014-a165a6de1bf6,a165a6de1bf69ce339e7d5bf457cf980fd0d8e65527b98a051eb732b46e3d32b,59133d8e70383df23b002e58c47c04f8e59559d48f56e595a0ffc77dffb23665,0.00011198789104582829,-3.950828933903756,0.021773577376644933,0.0024869787848729175,0.0026563143501334707
P-budget-2048-seed-43103,P,43103,2,74003,4,14,stage2-v2-unit-17870-7375bb1cf903,7375bb1cf903e48a03314baf085a7f174f3cbdb5077b342fc61e63e6279f99c1,20be1cc27a54bbd8d350ec355183dd08f476703ac76c3c65d22d2b0e36ce1272,stage2-v2-unit-04070-1a7991614fea,1a7991614fea155bc101fde82fe9ed598a71eece7c8840dbf9c59e7c32f1f2b2,cd564168db68a078c2b7ade7126bdf0ef27599141a6e2c77c6eebf498d2b0ba2,0.00011723976854227658,-3.9309250476279325,0.0285797008983217,0.002019224467858294,0.0020829797140322626
P-budget-2048-seed-43103,P,43103,2,74003,5,15,stage2-v2-unit-10969-47434e0d1410,47434e0d1410422f982c5d0e9ad62102d0786370ddd5c0d90f2f7e55da09d204,96f1fba36045fc7d3f5f0af951afc544d6c4c7732e91d22b9ebcc15d56d48abe,stage2-v2-unit-33406-d8d23a3ce288,d8d23a3ce288485b5600b9e686aa161ba4cc677243cdf552cd23e8a0f2f12c4b,23f3312bf8fb6eb5896719b417a33f15284b51d275db43ee0d9886ebbd9bf4df,0.00011189130475486309,-3.9512036618515327,0.03174420979933979,0.001782825844202307,0.0017419525472632813
P-budget-2048-seed-43103,P,43103,2,74003,6,0,stage2-v2-unit-09522-3dc02d2a220a,3dc02d2a220ab2715ee55557e40d710d2accf8a544f23cf658f3d2a0ca03c6e3,1f5729b31c0b3604bc85b14125e98a5f64640bb7ad8190fe753c70839ccc8f61,stage2-v2-unit-36891-eebf1e016cd2,eebf1e016cd235890503bdc872532850b0958050bf9c0262b3e3b87d7f99be66,c6d66db9cc5ae758343c029ba274962b65aceeb3ba013c0863446f6d729d0c03,8.360881676594545e-05,-4.077747922669854,0.02108103428683006,0.0020026684669574024,0.0019633995934782433
P-budget-2048-seed-43103,P,43103,2,74003,7,13,stage2-v2-unit-30221-c38fc07fd29e,c38fc07fd29e41b8f45bb6a83f2e01597f3fc7db2c437a8326796818c91ecd5a,02febd325faf25b1c3791d11721bd85e90a38866e8dced4139ae5fbb9588f25d,stage2-v2-unit-22173-8f42c2904e17,8f42c2904e17c436847bb719fe5621959b060d31b90a95706b561295d862abaa,15ede2f515d7c19f8f2ac19c6a985d54644332d9a7ec52bc7f7be7b15a7c5b72,5.5232266547022846e-05,-4.257807134421307,0.015973010633271043,0.0017810317667681375,0.0016768177154062869
P-budget-2048-seed-43103,P,43103,2,74003,8,9,stage2-v2-unit-26211-a919cd7eacea,a919cd7eacea7de2361267014b43618a4332c333f8c44a9c3b5fb2669c1911c8,d2f8000b420358841068e3f0ec9dbd6c6974bc00de581a4880debdfef4438f5e,stage2-v2-unit-03697-17ef6a39445d,17ef6a39445d639bbfe56d98ce0171ebec31ea09b2dc36f839f3c8757bfa6ac8,367ef37279aa2885635550cae63f37f4250694b7a8aa2738e31b1006a1db5158,0.0001265273475041795,-3.8978155963337078,0.040580791269150235,0.0014324571147881215,0.0016854551670348883
P-budget-2048-seed-43103,P,43103,2,74003,9,1,stage2-v2-unit-06046-26f775cbe2ad,26f775cbe2ad5c16d4b364f8c9777927200f376ae22ea98d25529fb38c533425,a2d30a93399637988bdf83cfdae299d550dc3f0f6a3252d636d2ea49cbc404d1,stage2-v2-unit-01963-0cdc5e982919,0cdc5e982919966002dab05a897c9d61379283e81df4e6775c158f7acf5fa9b9,426abee6e8caafcdb61c7fd97563fbd962c1388126422b166da143bb1f6e1986,4.9663837984326165e-05,-4.303959721531199,0.011325358531791348,0.0022343556966006872,0.002150833332507318
P-budget-2048-seed-43103,P,43103,2,74003,10,10,stage2-v2-unit-37797-f46e1470f916,f46e1470f91627010ea3ad538397de86bf8fc9bb65cbff2cb7b343c49941713c,fa6421ef7576747a3825429820d3fc55fc29bbdf73499e6feea8926a8208301b,stage2-v2-unit-04880-1fa1f9dc2aa3,1fa1f9dc2aa377dba0d520dcd7d1435dd859b9fd21208eb855a298ff98d7dfbf,16c57ef72bc4112af1ff76c686b142877c3ba3fd5419ce733d96cc347fed7f55,7.099376105657029e-05,-4.148779815474704,0.022423189001478498,0.0014998420638221432,0.0016662446623740834
P-budget-2048-seed-43103,P,43103,2,74003,11,15,stage2-v2-unit-11633-4bbfb8182040,4bbfb81820408f9254dd7594182a5d2308ad287ed014fbaac77927f498e1006c,efe59fee291e35ac27ccd5b19fbc0f7efeb5bed4e2977027cae29c3cf9122fba,stage2-v2-unit-24934-a0df3dc6b124,a0df3dc6b1248a98c102d5e9a1d324373694311b0bb10ca347aeec8786dc38bf,004aa72b033bd140fddfacd28161371405fbec73699864b1820d2a388821895e,9.673854276570637e-05,-4.014400458952724,0.028043207316483885,0.001724828484839236,0.0017247962914552772
P-budget-2048-seed-43103,P,43103,2,74003,12,14,stage2-v2-unit-30651-c68d82c86943,c68d82c8694371e68a7d395c7c0925356d928d752e9ca57bd36154296bf661e8,67ff69512c4cc75cfdedd6368a5fc1088329caef002b3be9b27a019868cd1dd2,stage2-v2-unit-31986-cf4cf9a153d7,cf4cf9a153d784a54ad28f098bdc887c124ed01c0666777318dfa7fa1b58beee,e5b24750e65c91a0c26e56afcb597f4c235785a195c75beaa136fe7f263d2037,8.456200288264881e-05,-4.07282473915166,0.027400255091603827,0.0015093783176780562,0.0015767974350637814
P-budget-2048-seed-43103,P,43103,2,74003,13,11,stage2-v2-unit-09092-3af1784819e9,3af1784819e95697737100a524b941a26144a841fa383d0ca621685eca2b7878,06351b6c0d2a8496ecdd19c2674b0fb80151e7100e43f3e4ccdabd59589aafb9,stage2-v2-unit-07856-3324ebc86899,3324ebc868994c12405749c9f83ee2ac7d788254762da429326f71186280d36d,d0b0561805bf2948d762fbf4a421bad3d706e0b44ec3a194c7e1efbbf7ec4bb7,9.235530279738668e-05,-4.034538163466544,0.04073784815145626,0.0010864150408451678,0.0011806488073489163
P-budget-2048-seed-43103,P,43103,2,74003,14,9,stage2-v2-unit-09931-407dd1b41370,407dd1b413709b299b305afe83ecf49ca01e8673b686cf15d07879c35b5e66e2,1db429ab110f93f5c28b64c33f7f835e620ce5394e05298a709fff6315cd72bd,stage2-v2-unit-21633-8bc3c7692a0e,8bc3c7692a0eb4bcbb4e1cab1d8ed62e547f47b986eee525c9ee437cf25e6996,d1553fad48463e6c0c5942e5650adc28aca28ce7bffcd207cc1ffff59189fb89,6.522719161239365e-05,-4.185571319829449,0.015299432949425207,0.002131494351033325,0.0021318787967175012
P-budget-2048-seed-43103,P,43103,2,74003,15,3,stage2-v2-unit-00150-0106444f6029,0106444f6029862ac4a153e9e235bdcf8b729a17f60991c2e6050d2be1d91803,ebcda1e92425c6d5c05ee8d16eaf052aa34e43968926f0c56e762f2f3aae50a4,stage2-v2-unit-39015-fc7881abd1e7,fc7881abd1e745004882677bf49d32ca2ab966245025258c3bb88242a11d3531,6c8573266a261f847c3bba17e02f880f2ce6d816c048804cb6f0743e0c42bac6,0.00014056460929623427,-3.852124010198739,0.026808543049578054,0.0027021000742024626,0.0025411766318939044
P-budget-2048-seed-43103,P,43103,2,74003,16,12,stage2-v2-unit-22613-9224e1590508,9224e1590508e1d5a01a3a815a041896b9d8b14c6df1771752422ed2ccdfa581,1272ac3ebe787b1466e5e8c44ba69bac663f328b4f7f120072f3ed2815e31de9,stage2-v2-unit-18956-7a7b0647e04f,7a7b0647e04f07058f618befcc3114dce82a4a8057c459ac622c945273ee6a48,fdb1922948c04dfba365d26d4de92aba6d426c5c28f9183d9ff8c3010dacb7dd,6.067710316415287e-05,-4.216975161403013,0.015818833249435355,0.0018842217018573137,0.0019515291533025447
P-budget-2048-seed-43103,P,43103,2,74003,17,13,stage2-v2-unit-09032-3a9415511896,3a9415511896f0512dab5ba8b0e047bd098e251f09319f2451abcb2ea7f20be8,79c2a2b0d5f81dc7ef32c37172efc4d4fcad720d6b9de7769e3070e9ca377239,stage2-v2-unit-28925-baf71dfc3fb0,baf71dfc3fb02a3b9363d7ee8e8574db21d009cf43ccf576f4c84d3b4bed7053,031d9a8435a7153bd46cc515f4e00b2c94ff4f6d0aa3fc9027b6d50f611a62ce,0.00012596950375609595,-3.899734581497472,0.03509407468510701,0.0017289915285800816,0.0018604891711220262
P-budget-2048-seed-43103,P,43103,2,74003,18,6,stage2-v2-unit-00180-0141e682f812,0141e682f812373b625356038adf5e766f4f2a879f82434578921ec20d6ea770,4839f3ef8446f29595666ee85fed7af9359edccec1cfea5799cdc150b1821227,stage2-v2-unit-01477-09a62bdc6eb3,09a62bdc6eb32d394fda18241560ae91de42a56791c682d6dd7ab016c0f26317,b12d83779c120b84a48930bd01c7d0e9bf6620a60f41431ade636885939ef097,0.00028710984338431444,-3.5419519177291696,0.06719834650231281,0.002232647607797844,0.0020399254290168756
P-budget-2048-seed-43103,P,43103,2,74003,19,14,stage2-v2-unit-11447-4a72b60dd1c6,4a72b60dd1c66a1fedc695dd506f3271080ccfae4a67cf49deaacaa8eb8af1ee,282c90fa4edd104686bc5511f2298fe86278f817a71843e7bb9900dd5ae43131,stage2-v2-unit-34935-e28a0d9063af,e28a0d9063af0f18a8704ad56065a543b73e3e46ca8936c18dcaf574f9f22cfd,e547ef04f9b4b13c1c112d38799a4884fec89d5b1e086b892ea3e44fbde104e1,0.00016720885105314665,-3.776740737292933,0.04273777993506266,0.0021123818646628933,0.0018000546565417608
P-budget-2048-seed-43103,P,43103,2,74003,20,0,stage2-v2-unit-11743-4c6da8385eab,4c6da8385eabf0eebf2c429b5ec0714a71f08caccba2442821b6bb31e1d2305c,d8a157459897131fbdcddb6ce1f7a81e986dfb446299ded22d9faeea054b1737,stage2-v2-unit-36438-ebd6dfba022d,ebd6dfba022d3bff181794a529763f092becf650c5ae69c0e9951672497f5fea,ffb8cc4c8fcdb60a15d2000a81fb763cbdc2fa23ab9ff3804e1d2eb6ca7ecb0c,5.226068569186282e-05,-4.281824896364554,0.014210131215750082,0.001826328302740876,0.0018513777577027213
P-budget-2048-seed-43103,P,43103,2,74003,21,7,stage2-v2-unit-33737-daf67da6e03f,daf67da6e03f5dce354dcdbbdc54a222bee3de944cc68ca780809efe6818558d,a6717bd83554318bf97fd8c5723091a9f4094204144c46ed13838a43c44c865c,stage2-v2-unit-10650-4531c3aa8183,4531c3aa8183b3194bf81f065e220f05496f16e66ef92753c3b540dcad155c4e,999621b8bcf3a4a8f501f46eeaf462b8adb73178dbc05dd1e871a208b6120349,5.668826520377479e-05,-4.246506833253444,0.014411380715047531,0.0019417004041315522,0.001991875866224291
P-budget-2048-seed-43103,P,43103,2,74003,22,7,stage2-v2-unit-35812-e7b1300124d1,e7b1300124d12c79f0911a7ca28a238284134e86eca916c7659e29774991e131,caa376104e9efbb400b39e7aafdf7cc10adfcb79e7366c8160d7b6735fe73c08,stage2-v2-unit-05180-218d4c70c6d8,218d4c70c6d8784fa812354c2fdefa488ad8cb7614ab81b57183c91919ba67b6,ddfe7a9390990995aa91fa47f2553c06961309f04f06388148c0e5ae0412448c,9.106592077046116e-05,-4.04064411688366,0.03282296315610692,0.0013435227817808482,0.001430934854397492
P-budget-2048-seed-43103,P,43103,2,74003,23,1,stage2-v2-unit-06387-293b7ad0eadb,293b7ad0eadbc8c5abf5c17ed967fecf1b6e3b6f4b1946bdfe9620d7d9481120,c2306b4047828c167f689d24f44f2fc010ecc88b929e3d63e528a6a52e67062a,stage2-v2-unit-15555-647cd77a2264,647cd77a226498b57bea68fc353355a6c962c09381a1cc926343c1d807ca265f,86d7eb240f3ab6e704bd1dd99e630f704f9860c7c0db499f70f44e205a40b800,9.17512239482221e-05,-4.037388133610875,0.03792374091761911,0.0011818858624792483,0.001237475248217379
P-budget-2048-seed-43103,P,43103,2,74003,24,11,stage2-v2-unit-36288-ead3eb363fdf,ead3eb363fdfcf7f01312b4b89dc289fffda08786c3f53a7e988453ebec0fb4c,67c8ab5bba84130a5eb8c556f20e656f05e7358082b708034cacea615c92ef17,stage2-v2-unit-35952-e89991c5882d,e89991c5882d9cda66969ce03c9df2ef690e103fc79f7d9a58c399e7bfa2469f,9c06f0c6534216aae55c4a4681e04736271700c803c6b90e72b5fdfca08de088,7.020217725539624e-05,-4.1536494184208905,0.02004629859054382,0.0017047611841007893,0.001797240790892829
P-budget-2048-seed-43103,P,43103,2,74003,25,14,stage2-v2-unit-35069-e34da40759bc,e34da40759bc8377bfa9e8f024787f12b171be6e1f55e04c7f67ef7cae6659a2,725e2f613e9a821ab4ee9622bf4b07392e8417a45d054b7eb2c141b55b27d195,stage2-v2-unit-37985-f59733604011,f597336040112f7981dbec2dbfed3ae537574abf20d1158210712001e8fe3005,b455404dc0a4612773a524afb8ebfbc14123128dac076d61ce976480926e75ea,7.293481098713528e-05,-4.137065138195497,0.02202067756459462,0.0016278642196994042,0.0016842414488564827
P-budget-2048-seed-43103,P,43103,2,74003,26,6,stage2-v2-unit-01323-0887badd5d81,0887badd5d81521f3380b7ad1d929bf2105d146b6a981ce3914dae11a2e5d9da,cf90641a6828a31408325483aac07c71624d6bfc66be246bb53f803299e75ea9,stage2-v2-unit-28087-b5bccb081761,b5bccb0817619895899725459e7e465de44ddfb6138b5666522895b4b6f1ac4b,ff8e6b42436b854ae9abd40e087932b1ded662915995ef1219f413ea629dffe0,5.987394604289875e-05,-4.222762118367057,0.02037117547809052,0.001413587357092183,0.0015255629195962683
P-budget-2048-seed-43103,P,43103,2,74003,27,0,stage2-v2-unit-01095-07151be67227,07151be67227722f1ddc44c567b2a45ac5178ebf65021d9c0097bbc0300e4a4a,3813ec739d320e99081de1a944cacd900cc2d6bbb2895aae9deb2e2fdaee1623,stage2-v2-unit-30516-c595c6b4be95,c595c6b4be951f1d38ed5c9b0d59171a9020a9d2eb8376db67e30f7ce554b83f,89d1204243515d1c18824e836c00d9b80945c06d5c73dc003b393d771b556e8c,0.00027789254750132386,-3.5561230999388935,0.04145973486002902,0.0033255467410526762,0.003377162488504837
P-budget-2048-seed-43103,P,43103,2,74003,28,10,stage2-v2-unit-01910-0c7e479ca5f5,0c7e479ca5f5a914740556bc5d6dd8c5db76479f9acc53ca5524cb0064370618,9c5d68971aa678e857a7a58e79737dc21a06eaa523d139a9fe47e5fcb69c5c7f,stage2-v2-unit-16230-68c776ba3339,68c776ba3339abe2f2553854ba25b735622f8644fb76044a25336ace3e6dd99c,f1c9d9e872ef2867cb859416ce051d52e73409c2e2c5ea099fc98be49b00215a,0.00011865382811038216,-3.9257182456438957,0.04174205430970788,0.0014781630147808755,0.0013643858264913433
P-budget-2048-seed-43103,P,43103,2,74003,29,11,stage2-v2-unit-19216-7bfdaba0e7c6,7bfdaba0e7c64ffa173398d8c97963913f585cdef317266710dcfa0f7ef97fd0,83d9636634c5f3271589f6eb7e4660f0af823198cd891ce385108cb7b3416ea2,stage2-v2-unit-30332-c46363803a5e,c46363803a5e26227a75b99f5bc5806aa912447979f851e2c59bd6246ad86790,5b548806dd76c70dfe559ea5dda3b103e09ee72da4336fd33df7eba061a47804,6.021685479140615e-05,-4.220281932024999,0.021330805158703232,0.001454645090689155,0.0013683545262210828
P-budget-2048-seed-43103,P,43103,2,74003,30,10,stage2-v2-unit-20882-86f331e80e83,86f331e80e833ab37dcafc5709b5ab26fce5ca6b8337998b39a09bf97497a358,d183d744be9d29b1455b99fb236f38ae042e1620f8a1383847a53b4dd7f2be7e,stage2-v2-unit-27149-af9556df1849,af9556df1849aaed2ed1bbce7b59530303bb43f4608ab82d9b9f14faa53472de,18a7a872c087f2b6e141ee51c9cb867987889b39a9e2181468760d3270aa0e39,6.769046851218263e-05,-4.169472479970529,0.02244810309219477,0.0015221313074107456,0.0014932891151602234
P-budget-2048-seed-43103,P,43103,2,74003,31,5,stage2-v2-unit-23594-986e068ac378,986e068ac378680d680a1fd61b7ce1aacadb2fa6b876431494e1fc034c44e8cf,7875bfcd153b951683f20afaa11bb4e9217626fee79d43a9705633e32cb16c28,stage2-v2-unit-15694-654cd154611c,654cd154611c68dec5251c5f3246f014ec64ce77298164623962420c3a83f7bd,041f0b713b8d78534e6a4a6a801227a7c7e6058f96d4f35617fa5396a8194187,6.596578026574207e-05,-4.180681296212357,0.020708081560445752,0.0015560431882022385,0.0016294658157676167
P-budget-2048-seed-43103,P,43103,2,74003,32,6,stage2-v2-unit-37972-f5860ec30893,f5860ec308939cc09546870a34f458d727e216b9a3feb0f5e8051469b5a911f7,b0de9507aca5af066404174d423e0fc0ebb9e162d470b6861dee2982c85b5184,stage2-v2-unit-14917-6064341c50e2,6064341c50e23f45e6540f260fd3456fe2b1b1452b33b858ff8dba4758dccdd8,abbe7bfb8f698d98811c10ef7cf4d7508ba7d2b4409ffe8651b8d2251b573097,5.978719744348382e-05,-4.223391803886368,0.024606941541914593,0.0012696736623638571,0.0011600146165164915
S-budget-2048-seed-43101,S,43101,0,74001,0,3,stage2-v2-unit-31452-cbb76b4a2d02,cbb76b4a2d02bb0ee7fbf58a68d2a0229ab6be5d4e00c04a70c68d85cfefe886,a58aafa2e5d5a68debd39a0a4eab0462bafdba1990f0d0f25ed16195476ff6d2,stage2-v2-unit-27886-b43ac5dd6c5d,b43ac5dd6c5ddb4c7e1b8c3ceb18e8d8207b439761935ec542f7f69536d88bae,ed42fd846b2268ec62df794c2d89ea4b4fa1f7591096a105ba277b32b24f984e,9.65398721746169e-05,-4.015293280552497,0.0326290204280582,0.0014957361854612827,0.001462975749745965
S-budget-2048-seed-43101,S,43101,0,74001,1,0,stage2-v2-unit-08447-36dd461ee443,36dd461ee443b9f5c8d5e208fbb5004b907221f57c6afa81f308950fb4d85f5d,bd607acab2474a4620c15544b5b40ea231e233db04f3dbb0152c9ee88bf3b5aa,stage2-v2-unit-38893-fbaa13e3bbf6,fbaa13e3bbf65868ff922abed5f31da16531be5da5bfa6d7e5d78e0024ace529,d6ede050c0b92bb4ba9fb56aa5c805d66218b47858846dd88bcb81e2fb40e9f1,0.00013547006528824568,-3.868156659892006,0.02763426870739818,0.0022715937811881304,0.002630655188113451
S-budget-2048-seed-43101,S,43101,0,74001,2,12,stage2-v2-unit-23023-949efb85bc5e,949efb85bc5eb2cc501a029988c53f9788d848236f0d5a9af6104415a2eb81ed,4734080bbf4bbc58dd244a98cd3fa08fd08748d22e1f2432d50fcff27eb15554,stage2-v2-unit-14984-60c0c49e2c76,60c0c49e2c76132b854b3ba3e81dee88c1d4b62d03e98224015e420e1c903aae,6b13067fa25419e939e2f3809293a0fdfc8a249246ec740db9b58168d6258279,7.843661296647042e-05,-4.105481168213471,0.024069766291207124,0.0015600649639964104,0.0016986543778330088
S-budget-2048-seed-43101,S,43101,0,74001,3,12,stage2-v2-unit-39496-ff791792deec,ff791792deecb8c78b6d410daed0ee14ac38656e31acad7f12336d75853e0b8d,b2b14fd6d64667caa7dd93e2343af34882fa3638963c851be9d165899699e6ce,stage2-v2-unit-18368-769da613f002,769da613f002b6313e38cf93915a15676f9d41cc0fac2f02ca4f47374e7ab2f1,6da7e9dd6dd7c592e0f58837a2f38e9533dc0af33386120d3d724ca433a4d4a1,8.916678052628413e-05,-4.049796913798991,0.02677305321212785,0.0016473117284476757,0.0016831556567922235
S-budget-2048-seed-43101,S,43101,0,74001,4,5,stage2-v2-unit-38819-fb42bb0a229e,fb42bb0a229e8538395b160536c7d178fb6a393c010a846d96055baaad7ad51d,a21e4950777c019de47b41c5c914e79df5ae5c7480a9365ec9aa82dff7d9d732,stage2-v2-unit-16287-691dbc1426b0,691dbc1426b012ba90d0a258f372ae440cacc823f63bc61891fef4bbc6f8cefb,f659d49fdf52de32a1da5f431acd1e83686b5af31463e45f9681d612c1d5938a,7.863349310355261e-05,-4.1043924314187965,0.021959125133157092,0.0017409581923857331,0.001839944627135992
S-budget-2048-seed-43101,S,43101,0,74001,5,10,stage2-v2-unit-03704-17f68cfd7dab,17f68cfd7dab665eeaaed7593562f9c840cfd9c6ed619568ad64b4167db83239,51aef2eafd9296aa301c5202b4bfdaad5f9915c053d3ec408b830ccd21f07e8c,stage2-v2-unit-33841-db9d0f8314ee,db9d0f8314ee732861ddc20b991322891e1f3efb9509c1598657f84a50d680be,5aebb70acb69ff0e7501e08f399eab838256afabf929692b3c6fcf612a79df9b,0.00019100046483799815,-3.7189655758081264,0.08064571466686682,0.001082416856661439,0.001285972655750811
S-budget-2048-seed-43101,S,43101,0,74001,6,0,stage2-v2-unit-17366-701efd168d66,701efd168d66d9c6ffe81782f140bddcfabcb5b147db2ea78faeaa35c221a4f6,bc152b88377ae7e3a3064a2f1031c8bca8ef3636c1055382df7f4accd18bc832,stage2-v2-unit-18338-7675e5102bd0,7675e5102bd0db2a89259c9b2fdc50dc6d2d1bc4581ff6d5f34ae6a9a073f4ae,accc22b95e289d974db4a9038add9a038df92aeb448951c2a19215ae89065c2b,8.367334521608427e-05,-4.077412867803525,0.03367948000653208,0.0012684324756264687,0.001215968863107264
S-budget-2048-seed-43101,S,43101,0,74001,7,4,stage2-v2-unit-12482-50fea7f8b45c,50fea7f8b45c0d77c60897a8dd57749105ac6fb2bcadebb620a6947e4b61a936,b2b4114e2c9b93e978520fb57861c0e34c43b823efb935862784330da6b2474c,stage2-v2-unit-07349-2fc9791d29c7,2fc9791d29c7291b859a7851afed1e55e4e26f926e495ea097b1bccec0837d84,47859b86107478fd787fc6896bb18e28f2f7468dd4617ddfd5c87fb61892a163,6.922088505234569e-05,-4.1597628521541035,0.012188463877655145,0.0028477986343204975,0.0028314145747572184
S-budget-2048-seed-43101,S,43101,0,74001,8,8,stage2-v2-unit-38315-f7e125a2cb11,f7e125a2cb11d65bec69afa43dad799c2da893d63a57d3ac35175479a5c39a93,2100e9db98b6cfa4cbbd8f583a62aa3f519bf3dab970ef3ae843839006a51358,stage2-v2-unit-35802-e7a273a87bb1,e7a273a87bb1a2b978464a1f687da7c420209b45fd1306dbdec732d39bd1b4ce,34bd30073bc74cd8a70ec4a7c1ac2d9e37d0d20d508353c3fb9a057b24e97657,0.00015028557390905917,-3.8230827058560863,0.03694452354207955,0.001865581376478076,0.0022022901102900505
S-budget-2048-seed-43101,S,43101,0,74001,9,8,stage2-v2-unit-01384-090741b51363,090741b51363f94e98710aa8fe2f6c710a0a96603802c3e07fc2d8e03be3c06d,0fa70e894098eef57eb0e699471df345af7a391a3193859b8bf0a7394078ae78,stage2-v2-unit-29238-bd22d2bfb84a,bd22d2bfb84af40b416241e21ff3f5b09d0fd2c94c11d308dd74772785acf83d,58e95c9cecc9b4ce72c633e187981a48b1ea08f36b7dde2be55dde0ce7f199ef,6.341801781672984e-05,-4.197787336334624,0.013214590773298016,0.0023668548092246056,0.002432235749438405
S-budget-2048-seed-43101,S,43101,0,74001,10,15,stage2-v2-unit-10128-41ca69e8c3de,41ca69e8c3deee34e7a5d7d4c7a6c4a982f9eb6159e2986cf713c2d81aa57b5d,36252b479049acd3ff03e90db0df26cf1ad4bef01d0c4025ebc82dcf06826379,stage2-v2-unit-17985-74311e7a32ce,74311e7a32ce29c162b81064e6b148f87b1d9273977eb9254ccdca9863194895,c18fe62cf2ffe94307d852ba3f504795ff1aa73b50758d8215df00e2f2b9cfa3,5.584390601143241e-05,-4.253024212521645,0.014401187771394536,0.0019637481309473515,0.0019139810465276241
S-budget-2048-seed-43101,S,43101,0,74001,11,5,stage2-v2-unit-19923-80960b1d3cb6,80960b1d3cb69c1a669b647663f3f68ce32fd1498beccfc1a209e7270ec54e21,3ef2bf6f7100da75d8e57c35d81b036dce9014397c26e06b49f5e0b47483d181,stage2-v2-unit-28651-b937f6e4482a,b937f6e4482a852cecda1249eb9a8e6d841e6425108b5107ea7b68bfd5e8f263,34dccf2742e389e6a107211e1f7aea5d4c2c0d705f099710cc4b978c5b541f3b,0.00015166483353823423,-3.81911510722106,0.03521752350437216,0.0020432379096746445,0.0022632782347500324
S-budget-2048-seed-43101,S,43101,0,74001,12,13,stage2-v2-unit-02348-0f0c33992460,0f0c33992460cb4118b599a511838aa39a085a0c4d00338d290b3a0089926a9b,d6ed86dc46e2f3c1be278f524d148748dbcb84c402ad6bae1d16df1b54fdf8a1,stage2-v2-unit-19095-7b418cd2bb6e,7b418cd2bb6e75040114d7587a72e017523eb6715d2e5f1c0cd4859e75256f67,170a06b5b8e8f7db564ba8db9bfb1fc423410e8188dc0f5d77230cffcd398d3f,6.316661892924458e-05,-4.199512368628344,0.01966176244537092,0.0015716045163571835,0.0016410585958510637
S-budget-2048-seed-43101,S,43101,0,74001,13,3,stage2-v2-unit-16117-680a3557c171,680a3557c17135a879afe2d567f52e5feb8840226450bdeb0d4f52e110916817,66e90458ed79c8830ded9e7bd48eb60fef1330df2ded6bf1ed61540aa129e029,stage2-v2-unit-06859-2c7b28567f5f,2c7b28567f5f594519bd4ce6ecacbbdae150d134b7600edeb943c15710d1d95b,e00ddeae49475a2f4ccebd983ef06a62c8d4c2c8f15db1836feeec05a8583f32,9.425084135727957e-05,-4.025714764250096,0.023478204809211155,0.0021203309297561646,0.0018940663430839777
S-budget-2048-seed-43101,S,43101,0,74001,14,9,stage2-v2-unit-11024-47a62e49c0ab,47a62e49c0aba7374583d6f1339832c4b53353059b343b0f9b12dd80c02d6fee,4fa5ba864a436008936bf525ecb0dc56bf46c5189ace8dc06a40e8465d8e4c2f,stage2-v2-unit-08327-362a00336e02,362a00336e028f29ff51259fae5f1da7464758beb3eceb2dd05dcda5f11a1556,30b68aa45e5a46d674d2e6de7aaf72eb95e80cf3de42b7525d166ee8a06fa89e,6.881024455651641e-05,-4.162346898637304,0.016099056307251256,0.002217009197920561,0.0020571695640683174
S-budget-2048-seed-43101,S,43101,0,74001,15,13,stage2-v2-unit-25886-a6ee5dc61a9d,a6ee5dc61a9dbf4e6241a9e9b50ebf59cd8f2c93484c93d57052bc43a1721b7d,5d4624ff6548ba5145103df90937950690a7334c4965511b0bd2665c4c870385,stage2-v2-unit-15593-64b51e99d2df,64b51e99d2df21f45521562e69343a4c32e3449d39239c444235ddeba3e61d6a,4f968c12fb99971bad88521f942ccc7418558e0711f426f2ba030c87ff502fc6,7.55788350943476e-05,-4.121599806200369,0.022399768873097987,0.001680007204413414,0.001694082748144865
S-budget-2048-seed-43101,S,43101,0,74001,16,13,stage2-v2-unit-09705-3ef776548df9,3ef776548df96eacf549ca4e8f7314c77774cdf6e1bd0ba9849e9850f19bc88f,2a2ce9d4f957896640bd98ffdd63e72f0e91318bf97a01a60bbaa26520675daf,stage2-v2-unit-27216-affec99711f4,affec99711f415a9aacab477068f4b0257f3372abdab6ab65914bd6b32b2e055,a2114cc1eb96b43e6a5f1fea4a85aa7eb9b8bb14bfc7a46ea502ab25350fc6a3,0.00012950460950378329,-3.8877147733091375,0.032371530605700444,0.002105249324813485,0.0018953217659145594
S-budget-2048-seed-43101,S,43101,0,74001,17,10,stage2-v2-unit-30836-c7d6d8785156,c7d6d87851565560cbf35419bbb247915d22e1be6cef7c9486a48bc72b7a2779,f011ea54a393ad22671e9d096f4cb26d595a1ec018716553f953f57769e924c6,stage2-v2-unit-23719-99219d6596a7,99219d6596a770dc70f12accc0f2896d697b99d8ba2935e680390f2b4d646d74,3dc6110138702c591431a6fba91be44dcdd0aaf66ed1e730a9e7e13f8e0b1a7a,8.494636131217703e-05,-4.070855219454002,0.024908698634944125,0.0016493420116603374,0.0017609670758247375
S-budget-2048-seed-43101,S,43101,0,74001,18,3,stage2-v2-unit-22432-91007531793c,91007531793cc45e740d742e64c144a615396064ec7d6d0a7265559fe2ea273a,5b9f158ff80939c1a411d7cb2a4e90823ad0cacbbc57d95081146327a9f7b83d,stage2-v2-unit-32902-d57397a4bafa,d57397a4bafa3d720ecd477d33fd3d5a08d91dfc86fd1cfba490f5563a518aec,09bb688012b603f1b37ac70340b9d1e8056a63c57d09410d117360952b90e309,0.00011144123709527776,-3.952954075508441,0.047645006323233,0.0012115814024582505,0.0011274095159024
S-budget-2048-seed-43101,S,43101,0,74001,19,4,stage2-v2-unit-31921-ced0e669b784,ced0e669b784eef9c9bd2ec4f7a70c9aaa7a60dec9c1006e81221bbcdde22d70,51f67e19570f9c8fb6c8277f22e2435e4aa6b6f9bf401cb373b91cca053d77e1,stage2-v2-unit-02211-0e394ddbd02a,0e394ddbd02a2f96a5eff5e47f99246bd1f52c5dabea16a9c44689fbf8e4b861,1438df18588e6ec30dda68771830c52d17bbe219bab972479077dcec7fe35256,0.00010068778647109866,-3.997023206605269,0.03795671905831689,0.0013126864796504378,0.001340013463050127
S-budget-2048-seed-43101,S,43101,0,74001,20,1,stage2-v2-unit-09494-3d921e82f4c2,3d921e82f4c21af957a5798954ab437c70e16cba2738d462280976453d64191a,92920c45834e406e84d1a9857476c23b211a2d7ff09ca388efc240492bec3450,stage2-v2-unit-13468-576f93cd8907,576f93cd89076cc177ff43485313c4d3a11fce239d6e3651eb68055eb5063ee4,93a068cbc9a1012943faeb6192d25e74ec969f488c8f747b601464b4d4a2d56f,4.3620821088552475e-05,-4.360306163817581,0.01358763595477765,0.001591979875229299,0.0016183520201593637
S-budget-2048-seed-43101,S,43101,0,74001,21,15,stage2-v2-unit-39504-ff8b8a75e51b,ff8b8a75e51b606d50ab96ce0365c8b7af41064d3cd6587c9ecdc0b48efa182a,79b5492a4da73396b11290d8cc432ddc040c10be5f81f0fb03aa46c46b642ee3,stage2-v2-unit-32632-d3c42fbf147d,d3c42fbf147d89499c7062963a1f1bdc7e2a6ddb7bd902e42e16f3602895f279,5d1c499576ce73e467565b93bee35d8b55f9c795bd31e395edec713a4a30bcfd,5.137387051945552e-05,-4.289257713194903,0.01821246566886597,0.0014011339517310262,0.001419674139469862
S-budget-2048-seed-43101,S,43101,0,74001,22,14,stage2-v2-unit-13686-58d36d70eb84,58d36d70eb84ea179427decb4a40bb40147b445241020222a68d29a5b3beeeb5,4a08e2c6544ca9553f71bb68ac3ae37141c4fbcc2604a797a9f26ba7a12f2fec,stage2-v2-unit-04495-1d4b008d8b81,1d4b008d8b81c8efe60eacbc9905e7e4e0c89278f4508fe7638087e94c2ca5a0,3eda24cf639f9172571a3f03d34a0d1b421c31a25ee7c1961c2c0b7d87951380,8.204435289371759e-05,-4.085951306036826,0.02735554389102306,0.0015521273016929626,0.0014470582827925682
S-budget-2048-seed-43101,S,43101,0,74001,23,7,stage2-v2-unit-15570-6493a1aab058,6493a1aab058844d7ece06308edc59d4326f63b0dffe81249b32355404b84958,0cdac294bb2eefa2e36b4241a3ce15bb5a259cdb7be9a7e15f98d01eb989f114,stage2-v2-unit-28295-b72053e31424,b72053e31424d653e8711296e5c5f5db4e2ea9df922b760e7fa7f5725e46a4f5,094697017f50655dc41d82bac2152c27fb90faab6c1c1354076fd606746bac7c,6.540384492836893e-05,-4.184396719839488,0.01654763413923517,0.0019961982034146786,0.0019562607631087303
S-budget-2048-seed-43101,S,43101,0,74001,24,13,stage2-v2-unit-02921-12b2599ac2a6,12b2599ac2a62f344c3b6e36e4766e54d8a5adfc8b647f33c7fd81e11ec4f663,f98cf3e6c22cb16064c59f648fb4ef1d45b8da599c8f818b7fe0069ac7cb478e,stage2-v2-unit-07913-337043e5bd3a,337043e5bd3ac88ebb7cef7aa82ef29254186b8a5244f7b2963c7194b698a4a7,bbd4f975a2dfb09284dd98743ba648f15d5ae5f17f3c77ba3b13579e7c5616e4,6.080103412386961e-05,-4.2160890340418895,0.007403304237377751,0.004082218278199434,0.0041304705664515495
S-budget-2048-seed-43101,S,43101,0,74001,25,13,stage2-v2-unit-20182-823345e564a1,823345e564a11e962fb198dd1430c497eb1db783690a776c3c167f3c61938513,222fdcd0e475ba105e4f317e43e026df948478fd27262e4c06ed45efec7183a3,stage2-v2-unit-09007-3a63e323ae91,3a63e323ae915b4d1ac7760cab22d6a092c647a8937dea1959cbdcbceab27bb4,ab7eddf6c007ef4fdf5018d76c291a6f2db2df846936305745f30a556de81ad5,5.39526590728201e-05,-4.267987146121118,0.012549653334810751,0.0021548140794038773,0.002144321333616972
S-budget-2048-seed-43101,S,43101,0,74001,26,5,stage2-v2-unit-25515-a49867491644,a4986749164455f19e5933f871e1b4e682dc24ff77c5a733e8e747a32e2170ed,b03a3f6cf4abca881a002da43052458eeb248a963ac33ddc13730de9667317b8,stage2-v2-unit-02017-0d38d2316076,0d38d2316076e382ae9680cfe115d519bf708bd5c0aaeeb1f0a89d54724f754f,adbb3caa80f7de7f1bfab620e8fe8b10f21bad7f051902bd30612727145a795d,5.4137508413987234e-05,-4.266501735764564,0.013252164166769968,0.002048000693321228,0.0020371817518025637
S-budget-2048-seed-43101,S,43101,0,74001,27,10,stage2-v2-unit-13332-5697b6743157,5697b6743157297413a72f2276d97a887b7a15c41de995d787d3b9483340d8cf,cbfd9ea172925e229c857c00899bdad4a1620a3cf76b1637f8b75eb33872b73c,stage2-v2-unit-01809-0bd1a17da967,0bd1a17da967ca4143657d8aa1cbe7a30776c3fbdf8f3e48e6616e17287a5081,0ff8b7e996d794156e4f048837531ceff9705892bd5442fc7eb46bfbdc44aa9e,7.155888306442648e-05,-4.14533644679027,0.008117883748963748,0.004442049190402031,0.004372918512672186
S-budget-2048-seed-43101,S,43101,0,74001,28,13,stage2-v2-unit-18612-784f478c4e8d,784f478c4e8d5c04c40af1600e04644bfe956bec75ef9051fb9e5c6ac4bf674b,fd48ffc961324f752e6c0af063ba83c3612f6d73ac2f36a7328ea3904b5a94b9,stage2-v2-unit-13384-56e5fae36647,56e5fae36647389339d4d7b0c75901adeeceeafe3db7d28017618d26badebef4,cfda6b68b49df5aa866c30b30aa7111dec08dbf957486369cbe337423b9c7849,7.049036503303796e-05,-4.151870240440444,0.02373259448746002,0.0014500573743134737,0.0015201347414404154
S-budget-2048-seed-43101,S,43101,0,74001,29,5,stage2-v2-unit-23505-97cc33441bb3,97cc33441bb3a5058b4c26cd91bf2c3e6ac4c9231b53604b6af01007b5c830ad,7c9aa33dd6cd9267ca26ff85b642417086572cbb03dccc850c12399f1ad5a52c,stage2-v2-unit-14508-5dd2d36ff7a2,5dd2d36ff7a211818b939b050db01be144f0f97b86d6687073fe665de56433d4,4caed3ee6404792a44f0dc6d69335e49f496a77e6e6665cfae5012b6b14de8a4,6.617282633669674e-05,-4.179320315617585,0.014591538749243687,0.0022732694633305073,0.002261744113638997
S-budget-2048-seed-43101,S,43101,0,74001,30,1,stage2-v2-unit-31093-c96d25f9f324,c96d25f9f324aabd694903de4400acf59dbb88a3c7bfff7f5eed7b631c99ddcc,d3c631b775dda85a7f318a08a443a191d9556aa5b07708a9c0248de766e90c29,stage2-v2-unit-25603-a53cf126beff,a53cf126befff9362fdc726ea213596c2c6045fa91f25782a0d945be9ea71082,4fdd5a69c776cb9eb456e1ff62243e13e135b0953a4a634e83622dbc0d2def4c,0.0002439174277242273,-3.6127571685502864,0.0716039668459174,0.001910097780637443,0.0014963814755901694
S-budget-2048-seed-43101,S,43101,0,74001,31,2,stage2-v2-unit-38233-f74e514a2ade,f74e514a2adecceef9e24dfb04615c8bb841594a5c45bdd893fb5762956120d4,4088cea66aeec5afeba663fbf92dd68c566564e74be9dd6ddd58eca3ede82c65,stage2-v2-unit-27411-b14da44153e3,b14da44153e351a03279adac27e30e6d0a3c04f069c9c876ecb7c2e069f5cbcd,df1061412ae2c42a3ff16ed4deccc91bc8a30594dfdefc9497f24f2a52be6956,6.49303401587531e-05,-4.187552321928068,0.019593731248201556,0.0016855132998898625,0.0016283190343528986
S-budget-2048-seed-43101,S,43101,0,74001,32,13,stage2-v2-unit-29727-c0427e3c5b28,c0427e3c5b288c646797d1e49bbd026273090d40532d10bd4a896186365358be,730d70f44ed8b4a563cd15be53cef8a3148caba659cb7e1890015b3863728e72,stage2-v2-unit-37747-f41270e93ebb,f41270e93ebbbc12546f953aacdbcc2307dea1187f47ad0f2ee19bdf88ec45fc,3e038daa0ea9f1226110d84f86ede6668d0c82b4a8b6d273c73ca97f7c831e8d,8.943804277805611e-05,-4.048477713258978,0.021608790909257623,0.0020803697407245636,0.002058595884591341
S-budget-2048-seed-43101,S,43101,1,74002,0,12,stage2-v2-unit-21381-8a32ab4f1a69,8a32ab4f1a69001bf448a9da4a56ed722c8b37ec4a4a5b0422f97e7b02c4f491,61a024f8a26b2b3857f159ad56adad47c07680fbf5099a7a23beb0139866038d,stage2-v2-unit-09171-3b6c8f08636d,3b6c8f08636d7daf3620cdb86a57388c64ea8af706abead328d38b7fd4866acc,15f940921c5ec6e70824c95652fb0361961a29c9cc44a962c2008e12abcb3f3c,0.00017827404371928424,-3.748911884475138,0.02121438264366517,0.0047433157451450825,0.0036601361352950335
S-budget-2048-seed-43101,S,43101,1,74002,1,8,stage2-v2-unit-21827-8d1cda412d6d,8d1cda412d6d1da5b53c0b7dc1d82e1b7db447922b295e950a8935e31a5b50f2,6ed0663c22b5733d0afc25633e717b18b5574ea8b41f169ac66b181966ba7cab,stage2-v2-unit-13489-57a03827255d,57a03827255d899a78dc6f9fbabb178544afa05b8cc47b547c6f3fe193d543b1,7e13bb9e30b60bbc89e6f100fbd803973913af6eb9ba8a308fb3cfb476ac0d58,8.851532766129822e-05,-4.0529815186542955,0.020260846844546078,0.0021466203033924103,0.0022221668623387814
S-budget-2048-seed-43101,S,43101,1,74002,2,2,stage2-v2-unit-32659-d3e631c5b50b,d3e631c5b50b11ebe1f92b0d7abfe403b42a16630b1b49be3cce114cf8534ee4,975494dc6d6897802f9b44f22a01354d18bec699a6a4fe28d0b181b99024c3ec,stage2-v2-unit-21769-8cacbe121d7d,8cacbe121d7d68e8da792163805517836939ce808ec8dcf53e8042f07333cdb9,290c9690f5ce377749465ce64a014e856d55e3ef542532ce7a155d46719f3cd3,0.00019977512420155108,-3.6994585906575193,0.03767463420008108,0.0026888572610914707,0.00261378544382751
S-budget-2048-seed-43101,S,43101,1,74002,3,10,stage2-v2-unit-26633-ac0c85f1d9c1,ac0c85f1d9c16b05bbb3e48e3138d746ce80d35ac550341dbd174f25438e810a,91c371e5f0c7255b0e83c982787b4149e0f5808543a7492c87bad9f113561a41,stage2-v2-unit-03185-1470b29ac1c0,1470b29ac1c06cc0151ffbe1c77a814b36b26c8a329f665f01b443d175ba19ee,6af043c646351d5be22ab6ec4630483db86254c343022240d5adb9d1fdb1e49a,5.373015665099956e-05,-4.269781893238015,0.011196992519335217,0.0023057181388139725,0.0024929058272391558
S-budget-2048-seed-43101,S,43101,1,74002,4,11,stage2-v2-unit-21451-8a9fd1bf6351,8a9fd1bf63515a42fdb1a1ec876ab242193dc1056dec983ca603f257b243cafa,83d7ab5ca2ddd90a3dcdab4ff52c535544f9149132c16c2f8622edd58dbe3a35,stage2-v2-unit-30893-c823461b6da8,c823461b6da8ebd543b8b19bd57df6d072a32dc9d03a5fa8d074854a562ae3d7,2faa5daafea37031191359a242b35de781e891eaea377912ee9c5c5ad20e1bdf,0.0001066620898200199,-3.9719899114799606,0.010414728110028734,0.004998108837753534,0.005243357736617327
S-budget-2048-seed-43101,S,43101,1,74002,5,14,stage2-v2-unit-23991-9ae79af536d7,9ae79af536d700a1e2110a22335e6f129caa4397d35d76ba10cedfdd4ebf08af,32b5b312059e2ceca6876e05fe303769ea85b3dd9e4c9118f632e4a142f7385d,stage2-v2-unit-12410-5086ed34abcc,5086ed34abcc0c8145f8338caae4ec80aafe0d3d9de4b92bcd3541b3b33d3e31,07b20e181d74a0e64eeabcc62dbe34cbe4efa42feedaf760ec4ea859b78c8f8c,6.547881639562547e-05,-4.183899179557812,0.021955585102458715,0.0015570081304758787,0.0014253226108849049
S-budget-2048-seed-43101,S,43101,1,74002,6,4,stage2-v2-unit-08708-38837cd2864e,38837cd2864ed11eba859fa3a77c1d52a405d067ffc6f51b67189d9bd05e9360,537960d486953aabf7bb06b21751396861a1c8a26b88217bcb2ac4275b7253c7,stage2-v2-unit-02722-1169180d4402,1169180d44021088de1d51e7ab40c75df0e964d79c52aa5de802bde53a7f6ce3,d5edac598ffd861390fffecfdafd42295d6195c55175aad11243ad4294be241d,5.922973286942579e-05,-4.2274602260555945,0.02368785540487307,0.0012503772741183639,0.00125004886649549
S-budget-2048-seed-43101,S,43101,1,74002,7,14,stage2-v2-unit-15053-611553e99ab3,611553e99ab3fb7ad7f215adaa3be72157838b6b361727f8a4d872b92a66486f,877a1833fc11a122ec09719138b45a2d1f1cb879cc87b27acf89d7dd1caf1dd4,stage2-v2-unit-25376-a39052e88cd0,a39052e88cd04990c9f6057462e3248be1ed92839bc0aafe2d0c0a95909edc53,b09998d3607da5d7148014d5a0419bc1c48c3a97fc8e3c039cf1f0b6882c1c9e,5.807045454275794e-05,-4.236044774541172,0.022772846009711644,0.0012447992339730263,0.001305187470279634
S-budget-2048-seed-43101,S,43101,1,74002,8,14,stage2-v2-unit-01084-06fb5f2d798a,06fb5f2d798a0aea9392ad5d5bd5882c6275b34149514bfc79a3100beeec6d49,1ffef478247a13f6dcecb3ee2a4f52e761b55d9d29745f11c8e04d4f9324d602,stage2-v2-unit-35054-e33118756098,e331187560987ce27fc08250669af9e25303b3316a73964ae2e3a79c7cfcf2e9,87f5691f36846c77c400cc0e2ba327d807bea8f8648dbadb07bc66eb3abaef49,7.51558254705742e-05,-4.124037350783381,0.021315217437241008,0.0017520356923341751,0.0017738877795636654
S-budget-2048-seed-43101,S,43101,1,74002,9,12,stage2-v2-unit-32534-d2fad1afb88f,d2fad1afb88fe7cfc83b27a6ccb2629ab3898bca7d9fe0a96dd43c834e5875c6,0ba89712b4076cb36c3943800d58d2404e17a84296d1417137d0293d4cd7138a,stage2-v2-unit-00457-02d4bda8783c,02d4bda8783c184b33e74152faa8c0ef16fcd81aa48b25260e18ebbc52593436,2c620a32cd796946e5f79d1bf1c5b4aead7e2604e29f9ee5c1f802c1b39b0241,9.154556028079242e-05,-4.038362712993167,0.02883087338986118,0.0015849582850933075,0.0015903031453490257
S-budget-2048-seed-43101,S,43101,1,74002,10,11,stage2-v2-unit-04813-1f2f886bce93,1f2f886bce93d54a1c91e24bea901fbdf55306b97d59194adf363bff44081b1e,5d36e7be92aaabdf56d436e83bb6d397f898f5ab7a259d0915e4ed70572c3818,stage2-v2-unit-21326-89de481b03ca,89de481b03ca2b34efd138441070ed1e420e6f3360d548466380472b5cf30f12,c1cf98261f7eb2ec8f70d83436fdcf5a25c036acaff318cc805ebfc587731279,0.00011160418944200501,-3.952319502375188,0.029748642949079064,0.0019003853667527437,0.0018511870875954628
S-budget-2048-seed-43101,S,43101,1,74002,11,10,stage2-v2-unit-05163-21698835b913,21698835b9130d76c13c5d7a6a1d19b51fd4c066678e2000452fb21049770321,175e9e0a3c7d9008f0cbb02da40d77495d497516675f1a6441ac73604aa3442b,stage2-v2-unit-07134-2e51badbccf6,2e51badbccf61605fd75dcf456e11c44129f6da581243a8900e550f6f014e798,79b48c4a4711630eb609cc23cfa228a10700ce6e7e8de6719c9222e4269b9b4d,7.066057150950655e-05,-4.150822854271379,0.024038012193148064,0.001486883731558919,0.001452650991268456
S-budget-2048-seed-43101,S,43101,1,74002,12,1,stage2-v2-unit-30057-c265b2e826ad,c265b2e826ad2d902c944685a40146d6d665a991769f4f946344081cf037580d,9007971cd813546bb0b1bb1023949f424cc4362a4a0200895d0e5cca4998dfb7,stage2-v2-unit-22038-8e65a247c141,8e65a247c141a310fc93f8a6828cd5eba4c74c8f51f2a1fff74925e0448040db,a1d08218ea00c524ed1ab86018e6a239902f0df954fb4b8a1296091f5e83fd06,6.977646262384951e-05,-4.1562910512519515,0.023278990530955345,0.0014212073292583227,0.0015761933755129576
S-budget-2048-seed-43101,S,43101,1,74002,13,0,stage2-v2-unit-29327-bda53b2e1af9,bda53b2e1af9c4e62c571dd4843297adcbc28273cffdde09b6a691cb4c9ded5d,0714a39a18828bbde641690ad0a46b90c0ee9eb12820f266882c54a9f896a610,stage2-v2-unit-13138-552b2f68bd63,552b2f68bd63547f87c02ae01d533267eaf6d2c62a8da55f7d6556f3ba18ab55,2086dd76f87d9eb4eaeb5c393859ba097fe55c429b1f7ce47d322e5acfd2488a,5.895737194805406e-05,-4.229461883593645,0.015585196682646182,0.0018696776824072003,0.0019132307497784495
S-budget-2048-seed-43101,S,43101,1,74002,14,12,stage2-v2-unit-10967-473f40eae2e4,473f40eae2e4191d05f350fe047844a91c6f35bf89f3f12f4351bb601712ea7d,4e35e5049c3835bf8138544ef1a4d54ee95906c6cc1f8e59733868c9b7fa9f3b,stage2-v2-unit-13342-56a37973c726,56a37973c72642c997b13318248e190ec332e1e762dbc2e98f06cf4d6b34269e,1d5bf04edf0d3fafe070a8e11c676c12a8df73c1cdd00723bafd0d027a0ca2a5,0.00012600564514286816,-3.899609997743719,0.020480504603126597,0.003109472803771496,0.003042994998395443
S-budget-2048-seed-43101,S,43101,1,74002,15,11,stage2-v2-unit-37561-f2f49776882b,f2f49776882b5b15ae076f122dde0fb5ec76c0b8d0e197471654607b88f0406c,aded61db623760e9ccbe5468a6dec8d916ae83edb7df3d6df012e9a7dddd2528,stage2-v2-unit-12503-51153ce353fd,51153ce353fd0a4e64e64fb737e3d9082bfc92109901b5a5529abf67193f4a27,2f8b80d432d38fe57a3c8d29edcb28b64c42bda6d38b5ca56a2725057c95b227,0.00014514129725284874,-3.8382089995730926,0.04112548125802674,0.0019040806218981743,0.0016251497436314821
S-budget-2048-seed-43101,S,43101,1,74002,16,9,stage2-v2-unit-05480-235b5abf448d,235b5abf448d062942a7e10d73a1c228d572089be6c10a92f6c9e000c32dbc6d,7a8e8c5b1603bcd037096f0134e1e8f95033e7626cefd136b9463847f2470959,stage2-v2-unit-28704-b999f8dfae32,b999f8dfae32cf8b0a2c59778e79ff90fdc0eaf0138e01751f1572d03a10afed,43afc83c14256d4b8ac1faa217deadb84431074822a745f92ea1f26a2533951f,9.56284420681186e-05,-4.019412919479773,0.01992508083871029,0.002554995473474264,0.0022444049827754498
S-budget-2048-seed-43101,S,43101,1,74002,17,2,stage2-v2-unit-17465-70f170f21870,70f170f21870b6ed8d64775cc8a985b8a585d499f99adfb83855cbae006c5c40,814be36c5a57da1aebc5c8818020e9a03eb30f462696475ba3cb27c32ab811e4,stage2-v2-unit-18956-7a7b0647e04f,7a7b0647e04f07058f618befcc3114dce82a4a8057c459ac622c945273ee6a48,fdb1922948c04dfba365d26d4de92aba6d426c5c28f9183d9ff8c3010dacb7dd,9.040911390911788e-05,-4.043787787213488,0.029343465183292283,0.0016156709752976894,0.0014653936959803104
S-budget-2048-seed-43101,S,43101,1,74002,18,7,stage2-v2-unit-29727-c0427e3c5b28,c0427e3c5b288c646797d1e49bbd026273090d40532d10bd4a896186365358be,730d70f44ed8b4a563cd15be53cef8a3148caba659cb7e1890015b3863728e72,stage2-v2-unit-25999-a7a0fb4c6a71,a7a0fb4c6a71390b7e5caf099fc6ce0ac6f212bc723bce393141156b16c786e7,da5e91915ba67c8f83774ec8e85d589ef8692f2ad77640bfad24b942dcfe4377,0.00010491057764738798,-3.979180721698741,0.034724431145287976,0.0015923025785014033,0.0014289298560470343
S-budget-2048-seed-43101,S,43101,1,74002,19,7,stage2-v2-unit-08860-3978db03d4bc,3978db03d4bce7c3de0fb040c89eaf7c67d5b8ee16cd9734343f257e9efa9f99,07bd16c2e909bc8d7aca216a67736aaa31b4bd2eec4f198c5a5da77ff433127e,stage2-v2-unit-25779-a64f36141ce8,a64f36141ce855f8792e323a8f054d44128bbe5abd986768a8d28ecefc227682,3035eb26aa869e8a9fe10c3062ca9288852302d1c95bd9cd51509808493f9d50,6.251873128348961e-05,-4.203989843867347,0.014332132116496199,0.002138690557330847,0.0022234469652175903
S-budget-2048-seed-43101,S,43101,1,74002,20,9,stage2-v2-unit-14766-5f79bf3f329d,5f79bf3f329decb0811a57bc3705c7e6e40b30a66181e27bcad3914fdf00f6b1,ed26ae3938c23708c25a2c6716f07e90fd9c2d756c5973aee36ea51e5c1e7f5b,stage2-v2-unit-00719-04b0051c96d9,04b0051c96d92b141d3aa16319d1109f43d9d94971d7dd28f54e1702e0b84617,079c25dbe80ed3e8066b21afd10b1d7e2d8825e42e0e50838fa80529153dcae3,9.156860323855653e-05,-4.038253410367262,0.02351048002586795,0.0020609498023986816,0.001833849586546421
S-budget-2048-seed-43101,S,43101,1,74002,21,10,stage2-v2-unit-32680-d4001419d2e2,d4001419d2e2f93e0d3ff15f75fa3be7e91ab54ad2809e8580b8a79ddb0dffea,c046f0d58f6e6c8ca6f7f77e7c8ab3e7e876b69cb72aa1eec036c8e08fb5a415,stage2-v2-unit-00920-05ef58d3e6fc,05ef58d3e6fc4a553b78ccc1412887dbfe1f4e0c2f8b39ca270fb7361e597ab6,6e00d8ec8aef1c832d0cfe2af79f8002ac0d00ae1a40d68585fe4640a692e7df,5.277392847347073e-05,-4.277580575884507,0.016804708657080433,0.001555651775561273,0.0015847733011469245
S-budget-2048-seed-43101,S,43101,1,74002,22,9,stage2-v2-unit-28090-b5c26c6cc3e9,b5c26c6cc3e90b06fba9fe379717df4f1c4b17e6135f01378c258133e53ed158,79caa3a2f00fe16f8cb4f98aaf5896ce282ebf3ede074b5061fa5e4027d28afc,stage2-v2-unit-05361-229b06c2004f,229b06c2004fcab1cd1ea2f4dff4ab14150dcd88924a7c04ec0fd8ff6cb33130,4ca3f638c806afa703b6e80e4598b176aef26c281d0ceb0ce19c5feca1c54cbb,7.463895599357784e-05,-4.127034443878373,0.027967801315919364,0.001358794397674501,0.0013099515344947577
S-budget-2048-seed-43101,S,43101,1,74002,23,2,stage2-v2-unit-13871-59f01d68c4d4,59f01d68c4d43fb38fbf5c950cc886046543f531af619e03a78cc45a557366f1,b0d3e036ba4419caabb5d101812e2318de300c8a29823bb86fdeea3e1c20355b,stage2-v2-unit-20695-85c5d7cb1f67,85c5d7cb1f6792b0e5a34bd69e4d5ec8bd3256f1a42bffa63f5fdb6ce6fa0403,864d3f5a4145d8b17354e49db1c0bfae4310de789863a76bde6a927580e149fc,8.609567885287106e-05,-4.065018645264666,0.02877324420206813,0.001499774749390781,0.0014924383722245693
S-budget-2048-seed-43101,S,43101,1,74002,24,10,stage2-v2-unit-17216-6f3691daaa12,6f3691daaa129191b50b022026cd3646a278401d9551bc36991e2e3ea37602b8,92c363b327d2fe888676b6620c9264575197bac2cf0ab5f0006d6a37f4624743,stage2-v2-unit-00045-0061432a3946,0061432a3946b30c3dbf7f2705670146d358ceb896c54636ea507d658c886924,918547540dfda3b6cb138f9e75f50e56f067e7f2363b1c5131b00edfcdeef722,7.822011684766039e-05,-4.106681539620705,0.013642633192718684,0.0029468806460499763,0.002786625176668167
S-budget-2048-seed-43101,S,43101,1,74002,25,0,stage2-v2-unit-28878-ba9d355bdf45,ba9d355bdf4545aa2e08d7757eab57e69eb998e5554001a16b1624aa3f0ed837,c66087c2f3d5cc511bf6738ae801588072cdcdcd1c1328b808fd865ccc7ecce5,stage2-v2-unit-29901-c15c8d8636c6,c15c8d8636c6373921658becefdc29f714bfa5f595e56e8bbd0007bfccb5bb4c,569bd31efe2d21b72c11da9380fc742789183730f1ce663090d95d9b1987ede3,7.546590495621786e-05,-4.122249215705826,0.025845357673194052,0.0014531102497130632,0.0014667914947494864
S-budget-2048-seed-43101,S,43101,1,74002,26,8,stage2-v2-unit-08188-3552ef896a77,3552ef896a77b12192c836dff5c1633335caba406c7f5008e5b141af03dec88c,566c359cf4713a0efd512d838f2b6132175e6fd06d007738bc83b88844759bff,stage2-v2-unit-30034-c243c6e270be,c243c6e270beff5c220271a5625970e3de5949fa89da600b11277096702b8429,6d3e84de6bfad92fc433ff6ad896d10b89687991eda862c667be0b7d54521d44,5.3789030062034726e-05,-4.269306286960096,0.01926467402289925,0.0014074058271944523,0.0013847011141479015
S-budget-2048-seed-43101,S,43101,1,74002,27,11,stage2-v2-unit-28359-b78b83a38e4b,b78b83a38e4bb0717d12aa20fc190b0f441e6d6f103ecb2ae966eb8944a2b75d,25c00b7dc3bc0566a49c1d9f4edb81609a967c0a9d88fc517d7061fbda5319a4,stage2-v2-unit-17837-73427a9acf1b,73427a9acf1bb34909aee71a865ed2761c195d9cce7b0de0d8b85c5623aa30d2,a2804ef2e86834212ad5f835391c84993c082c1182ce98767cf0bb71ccb6fad6,8.844035619404167e-05,-4.053349516966286,0.02406095078487575,0.0018559930613264441,0.0018196869641542435
S-budget-2048-seed-43101,S,43101,1,74002,28,10,stage2-v2-unit-38387-f85b3e495b0a,f85b3e495b0a833b3de0f6871975d38d841d6752fa3f4b490689e96ddbb90d38,3e5906c9a1f39cbdc2882a4c0d40f55170cb082d62b36ed65a7ddd2aaf0c038a,stage2-v2-unit-22772-931d759da171,931d759da171f2bb2f7c05f5ec24473b5062d4a8a791a9b47b4e86d181188ec2,9f12f2dd3902458890024d11512e6869a88ddf80f37cf298870d4df6b47fc2a1,7.643936260137707e-05,-4.116682943017586,0.02952220663153246,0.0012325926218181849,0.0013566231355071068
S-budget-2048-seed-43101,S,43101,1,74002,29,8,stage2-v2-unit-15123-619918aa58bb,619918aa58bb2cfa8a1c6a395c4b9f10abd7d5b6e3242a274f5ebb9fb3160d56,0eb1bede2139dc5c3fe7148397ffaac97e1eec991fe0fef4bbf3e2282e71f8d3,stage2-v2-unit-23842-99e5a1ae2c16,99e5a1ae2c169749e51595951756716a9009aa36025c29b59c27098864a3ed69,802d5bac7eddd264a1857dd35c5461108057d7af233578c1bc304bd8555a53c5,9.346813021693379e-05,-4.029336445066675,0.022469273839168625,0.0020272936671972275,0.002132526133209467
S-budget-2048-seed-43101,S,43101,1,74002,30,0,stage2-v2-unit-07531-30f1382db1ba,30f1382db1baebc41925b4b4c22a7576befdc6f04f65041c500d5a088c340ec7,52e3dc63fb0ed2e215648ffc3b929fbcc8031aa44a63ff0627d5024bf8b525a0,stage2-v2-unit-24938-a0e7cc180b64,a0e7cc180b64cacf823a7f297a83ea544398956f0f4eea43d90d2005e970efb8,9b3e56f2105ba55f9fdd06e0029691da26962455c184647616aea67a48333e37,0.00010901268979068846,-3.9625229443961136,0.03219695660786189,0.0017162910662591457,0.0016695162048563361
S-budget-2048-seed-43101,S,43101,1,74002,31,9,stage2-v2-unit-24567-9e91da36cf4f,9e91da36cf4f991865b41936ef87c2baf8500570c4735fad43ee7038a2e8712d,6fbe0f89d7cf1eff782d13c2d116953976470411f7d7721a121e0ddcaada1310,stage2-v2-unit-10903-46c50d0a9924,46c50d0a99245a068e408eb7285f81b98850a7415f15d0c1d411616ec5bbbeca,792614aa58b9d3fa99bdcb9d59a862ad0ecd1acca53d10117c69133a273a8adf,8.628251816844568e-05,-4.0640771884338704,0.02915727014728497,0.0015164942014962435,0.0014427169226109982
S-budget-2048-seed-43101,S,43101,1,74002,32,6,stage2-v2-unit-16669-6bb95ddb0eaa,6bb95ddb0eaa073c70360ac8273b4d74b6d48ebbb7e2f134482a2938e8a85a2f,9a6cf426a46adfb375afaac85e24aaa308602fb3de3ab798c2116891de769b0c,stage2-v2-unit-15826-663966927a12,663966927a12af4f692fa1bb978079fe464060a289cdad693b2f33ab2e6c8f51,82030ac00fc37109d112183f067c4813fcf791ae15726084aa369fa5c1153c47,0.00011344755330355838,-3.945204866004005,0.02971781311232508,0.0017717310693114996,0.0020457622595131397
S-budget-2048-seed-43101,S,43101,2,74003,0,8,stage2-v2-unit-18363-76941e7d22ef,76941e7d22efbcf94b266288eeadb1ccaf5c9d6014ecc40f64ed841609043b63,a7f8a89394af85a65b97d0a1a9f793e4b27fe7516c7a3b5ad7c7b84b74920f28,stage2-v2-unit-27998-b5117736834b,b5117736834bf5e648192b023696be7a32320e8f9e3f0a628cae03dd60d39462,4b285a773b542ecc9dfa922cb1898f7b1c2fadca6faf56a2e107f76c29600a22,0.00011651320528471842,-3.933624850111959,0.017451228742731393,0.003454918973147869,0.003221585415303707
S-budget-2048-seed-43101,S,43101,2,74003,1,0,stage2-v2-unit-02223-0e4bc50e1adb,0e4bc50e1adb31c162e1d0b8ef7054b15d7482d61b7f152523c5a2ebf6363722,93497e7f10798a04a61bae4a32e2b20b068591c4b2f209d51cdac7080c89c453,stage2-v2-unit-21142-88a80007d980,88a80007d9801fd78ca00220dec6981d39c0831f2e0bcc5e9c7bba625e4e34e1,5c3d7a7e85f9ae5bfa51d1af4213b7b50f79cecdcb8dc7a1861b353ce89b3a56,8.011794852791354e-05,-4.096270179628254,0.019618904398027572,0.001962013076990843,0.0021216985769569874
S-budget-2048-seed-43101,S,43101,2,74003,2,9,stage2-v2-unit-22574-91e126a2385b,91e126a2385b321b475cc2562a6a82af0683436826aa9fb2134b064cef1ae71a,4480ea2f6ef7d4372fb149ced2181846ffcda63b03d6ea332bff22b0c6cf54fa,stage2-v2-unit-14305-5c9a28c3bbc7,5c9a28c3bbc75bd566bbab1011aba584b37c018562feceb1e6d7ec5d3fa44f43,9e681fbeea5df61ccaf5b273c309a6218bd6e9858f37319d2288f633416fccef,8.025116403587162e-05,-4.095548659475248,0.021045070649050025,0.0019949418492615223,0.0018183579668402672
S-budget-2048-seed-43101,S,43101,2,74003,3,1,stage2-v2-unit-22295-900220e96afe,900220e96afed50d0f2b30ad605e26100aa20a60a2f31a0e6f492b899e258bb0,5f64c034a76f82d983e8b82ae4e4c868962483b83a5ae1754d66ba57a6398719,stage2-v2-unit-25014-a165a6de1bf6,a165a6de1bf69ce339e7d5bf457cf980fd0d8e65527b98a051eb732b46e3d32b,59133d8e70383df23b002e58c47c04f8e59559d48f56e595a0ffc77dffb23665,0.00011970252671744674,-3.921896682276439,0.028505604052895765,0.0020266538485884666,0.002172609092667699
S-budget-2048-seed-43101,S,43101,2,74003,4,14,stage2-v2-unit-17870-7375bb1cf903,7375bb1cf903e48a03314baf085a7f174f3cbdb5077b342fc61e63e6279f99c1,20be1cc27a54bbd8d350ec355183dd08f476703ac76c3c65d22d2b0e36ce1272,stage2-v2-unit-04070-1a7991614fea,1a7991614fea155bc101fde82fe9ed598a71eece7c8840dbf9c59e7c32f1f2b2,cd564168db68a078c2b7ade7126bdf0ef27599141a6e2c77c6eebf498d2b0ba2,0.00012301417882554233,-3.9100448281475875,0.03107791008060911,0.0019646664150059223,0.0019935849122703075
S-budget-2048-seed-43101,S,43101,2,74003,5,15,stage2-v2-unit-10969-47434e0d1410,47434e0d1410422f982c5d0e9ad62102d0786370ddd5c0d90f2f7e55da09d204,96f1fba36045fc7d3f5f0af951afc544d6c4c7732e91d22b9ebcc15d56d48abe,stage2-v2-unit-33406-d8d23a3ce288,d8d23a3ce288485b5600b9e686aa161ba4cc677243cdf552cd23e8a0f2f12c4b,23f3312bf8fb6eb5896719b417a33f15284b51d275db43ee0d9886ebbd9bf4df,0.0001303318713326007,-3.8849493690047057,0.03685198582409122,0.0017812247388064861,0.0017554061487317085
S-budget-2048-seed-43101,S,43101,2,74003,6,0,stage2-v2-unit-09522-3dc02d2a220a,3dc02d2a220ab2715ee55557e40d710d2accf8a544f23cf658f3d2a0ca03c6e3,1f5729b31c0b3604bc85b14125e98a5f64640bb7ad8190fe753c70839ccc8f61,stage2-v2-unit-36891-eebf1e016cd2,eebf1e016cd235890503bdc872532850b0958050bf9c0262b3e3b87d7f99be66,c6d66db9cc5ae758343c029ba274962b65aceeb3ba013c0863446f6d729d0c03,8.261068433057517e-05,-4.0829637802130865,0.02203039856242738,0.001903224503621459,0.0018466252367943525
S-budget-2048-seed-43101,S,43101,2,74003,7,13,stage2-v2-unit-30221-c38fc07fd29e,c38fc07fd29e41b8f45bb6a83f2e01597f3fc7db2c437a8326796818c91ecd5a,02febd325faf25b1c3791d11721bd85e90a38866e8dced4139ae5fbb9588f25d,stage2-v2-unit-22173-8f42c2904e17,8f42c2904e17c436847bb719fe5621959b060d31b90a95706b561295d862abaa,15ede2f515d7c19f8f2ac19c6a985d54644332d9a7ec52bc7f7be7b15a7c5b72,6.041984670446254e-05,-4.218820380941097,0.019342184504235395,0.0016107745468616486,0.0015129598323255777
S-budget-2048-seed-43101,S,43101,2,74003,8,9,stage2-v2-unit-26211-a919cd7eacea,a919cd7eacea7de2361267014b43618a4332c333f8c44a9c3b5fb2669c1911c8,d2f8000b420358841068e3f0ec9dbd6c6974bc00de581a4880debdfef4438f5e,stage2-v2-unit-03697-17ef6a39445d,17ef6a39445d639bbfe56d98ce0171ebec31ea09b2dc36f839f3c8757bfa6ac8,367ef37279aa2885635550cae63f37f4250694b7a8aa2738e31b1006a1db5158,0.00012626532407011837,-3.898715902276803,0.03976816320960398,0.0014791050925850868,0.0016959302593022585
S-budget-2048-seed-43101,S,43101,2,74003,9,1,stage2-v2-unit-06046-26f775cbe2ad,26f775cbe2ad5c16d4b364f8c9777927200f376ae22ea98d25529fb38c533425,a2d30a93399637988bdf83cfdae299d550dc3f0f6a3252d636d2ea49cbc404d1,stage2-v2-unit-01963-0cdc5e982919,0cdc5e982919966002dab05a897c9d61379283e81df4e6775c158f7acf5fa9b9,426abee6e8caafcdb61c7fd97563fbd962c1388126422b166da143bb1f6e1986,4.82777577417437e-05,-4.3162529088936905,0.011117949994868672,0.0022037660237401724,0.0021385594736784697
S-budget-2048-seed-43101,S,43101,2,74003,10,10,stage2-v2-unit-37797-f46e1470f916,f46e1470f91627010ea3ad538397de86bf8fc9bb65cbff2cb7b343c49941713c,fa6421ef7576747a3825429820d3fc55fc29bbdf73499e6feea8926a8208301b,stage2-v2-unit-04880-1fa1f9dc2aa3,1fa1f9dc2aa377dba0d520dcd7d1435dd859b9fd21208eb855a298ff98d7dfbf,16c57ef72bc4112af1ff76c686b142877c3ba3fd5419ce733d96cc347fed7f55,7.562638347735628e-05,-4.1213266674656115,0.02476654517840052,0.0014624088071286678,0.0015911613591015339
S-budget-2048-seed-43101,S,43101,2,74003,11,15,stage2-v2-unit-11633-4bbfb8182040,4bbfb81820408f9254dd7594182a5d2308ad287ed014fbaac77927f498e1006c,efe59fee291e35ac27ccd5b19fbc0f7efeb5bed4e2977027cae29c3cf9122fba,stage2-v2-unit-24934-a0df3dc6b124,a0df3dc6b1248a98c102d5e9a1d324373694311b0bb10ca347aeec8786dc38bf,004aa72b033bd140fddfacd28161371405fbec73699864b1820d2a388821895e,0.0001168269373010844,-3.9324570084873023,0.03189637825474893,0.0018405345035716891,0.0018221677746623755
S-budget-2048-seed-43101,S,43101,2,74003,12,14,stage2-v2-unit-30651-c68d82c86943,c68d82c8694371e68a7d395c7c0925356d928d752e9ca57bd36154296bf661e8,67ff69512c4cc75cfdedd6368a5fc1088329caef002b3be9b27a019868cd1dd2,stage2-v2-unit-31986-cf4cf9a153d7,cf4cf9a153d784a54ad28f098bdc887c124ed01c0666777318dfa7fa1b58beee,e5b24750e65c91a0c26e56afcb597f4c235785a195c75beaa136fe7f263d2037,8.973362855613232e-05,-4.047044770340587,0.02880815807198829,0.0015082909958437085,0.0016065776580944657
S-budget-2048-seed-43101,S,43101,2,74003,13,11,stage2-v2-unit-09092-3af1784819e9,3af1784819e95697737100a524b941a26144a841fa383d0ca621685eca2b7878,06351b6c0d2a8496ecdd19c2674b0fb80151e7100e43f3e4ccdabd59589aafb9,stage2-v2-unit-07856-3324ebc86899,3324ebc868994c12405749c9f83ee2ac7d788254762da429326f71186280d36d,d0b0561805bf2948d762fbf4a421bad3d706e0b44ec3a194c7e1efbbf7ec4bb7,0.00012685039837379009,-3.8967081645378983,0.05169118934886092,0.0011398083297535777,0.0013141959207132459
S-budget-2048-seed-43101,S,43101,2,74003,14,9,stage2-v2-unit-09931-407dd1b41370,407dd1b413709b299b305afe83ecf49ca01e8673b686cf15d07879c35b5e66e2,1db429ab110f93f5c28b64c33f7f835e620ce5394e05298a709fff6315cd72bd,stage2-v2-unit-21633-8bc3c7692a0e,8bc3c7692a0eb4bcbb4e1cab1d8ed62e547f47b986eee525c9ee437cf25e6996,d1553fad48463e6c0c5942e5650adc28aca28ce7bffcd207cc1ffff59189fb89,6.361397390719503e-05,-4.19644747359405,0.01532736844697628,0.0020521823316812515,0.002098169643431902
S-budget-2048-seed-43101,S,43101,2,74003,15,3,stage2-v2-unit-00150-0106444f6029,0106444f6029862ac4a153e9e235bdcf8b729a17f60991c2e6050d2be1d91803,ebcda1e92425c6d5c05ee8d16eaf052aa34e43968926f0c56e762f2f3aae50a4,stage2-v2-unit-39015-fc7881abd1e7,fc7881abd1e745004882677bf49d32ca2ab966245025258c3bb88242a11d3531,6c8573266a261f847c3bba17e02f880f2ce6d816c048804cb6f0743e0c42bac6,0.00014538990217261016,-3.837465755670947,0.024738792535760317,0.0030125814955681562,0.002864419249817729
S-budget-2048-seed-43101,S,43101,2,74003,16,12,stage2-v2-unit-22613-9224e1590508,9224e1590508e1d5a01a3a815a041896b9d8b14c6df1771752422ed2ccdfa581,1272ac3ebe787b1466e5e8c44ba69bac663f328b4f7f120072f3ed2815e31de9,stage2-v2-unit-18956-7a7b0647e04f,7a7b0647e04f07058f618befcc3114dce82a4a8057c459ac622c945273ee6a48,fdb1922948c04dfba365d26d4de92aba6d426c5c28f9183d9ff8c3010dacb7dd,6.604340160265565e-05,-4.180170566250888,0.017853246748219715,0.0018290429143235087,0.0018701946828514338
S-budget-2048-seed-43101,S,43101,2,74003,17,13,stage2-v2-unit-09032-3a9415511896,3a9415511896f0512dab5ba8b0e047bd098e251f09319f2451abcb2ea7f20be8,79c2a2b0d5f81dc7ef32c37172efc4d4fcad720d6b9de7769e3070e9ca377239,stage2-v2-unit-28925-baf71dfc3fb0,baf71dfc3fb02a3b9363d7ee8e8574db21d009cf43ccf576f4c84d3b4bed7053,031d9a8435a7153bd46cc515f4e00b2c94ff4f6d0aa3fc9027b6d50f611a62ce,0.00013360672164708376,-3.874171692303543,0.037190618670142755,0.0017459297087043524,0.0018465548055246472
S-budget-2048-seed-43101,S,43101,2,74003,18,6,stage2-v2-unit-00180-0141e682f812,0141e682f812373b625356038adf5e766f4f2a879f82434578921ec20d6ea770,4839f3ef8446f29595666ee85fed7af9359edccec1cfea5799cdc150b1821227,stage2-v2-unit-01477-09a62bdc6eb3,09a62bdc6eb32d394fda18241560ae91de42a56791c682d6dd7ab016c0f26317,b12d83779c120b84a48930bd01c7d0e9bf6620a60f41431ade636885939ef097,0.0003425961476750672,-3.4652175247705874,0.07757902381154863,0.002299367217347026,0.0021167253144085407
S-budget-2048-seed-43101,S,43101,2,74003,19,14,stage2-v2-unit-11447-4a72b60dd1c6,4a72b60dd1c66a1fedc695dd506f3271080ccfae4a67cf49deaacaa8eb8af1ee,282c90fa4edd104686bc5511f2298fe86278f817a71843e7bb9900dd5ae43131,stage2-v2-unit-34935-e28a0d9063af,e28a0d9063af0f18a8704ad56065a543b73e3e46ca8936c18dcaf574f9f22cfd,e547ef04f9b4b13c1c112d38799a4884fec89d5b1e086b892ea3e44fbde104e1,0.00017379432392772287,-3.759964411587714,0.044975820646216004,0.0020980106201022863,0.001766161760315299
S-budget-2048-seed-43101,S,43101,2,74003,20,0,stage2-v2-unit-11743-4c6da8385eab,4c6da8385eabf0eebf2c429b5ec0714a71f08caccba2442821b6bb31e1d2305c,d8a157459897131fbdcddb6ce1f7a81e986dfb446299ded22d9faeea054b1737,stage2-v2-unit-36438-ebd6dfba022d,ebd6dfba022d3bff181794a529763f092becf650c5ae69c0e9951672497f5fea,ffb8cc4c8fcdb60a15d2000a81fb763cbdc2fa23ab9ff3804e1d2eb6ca7ecb0c,5.556569158216007e-05,-4.255193275963094,0.01434878658743152,0.001935637672431767,0.0019368634093552828
S-budget-2048-seed-43101,S,43101,2,74003,21,7,stage2-v2-unit-33737-daf67da6e03f,daf67da6e03f5dce354dcdbbdc54a222bee3de944cc68ca780809efe6818558d,a6717bd83554318bf97fd8c5723091a9f4094204144c46ed13838a43c44c865c,stage2-v2-unit-10650-4531c3aa8183,4531c3aa8183b3194bf81f065e220f05496f16e66ef92753c3b540dcad155c4e,999621b8bcf3a4a8f501f46eeaf462b8adb73178dbc05dd1e871a208b6120349,6.015942562953569e-05,-4.220696318811261,0.015343585972568541,0.0019239913672208786,0.0019968277774751186
S-budget-2048-seed-43101,S,43101,2,74003,22,7,stage2-v2-unit-35812-e7b1300124d1,e7b1300124d12c79f0911a7ca28a238284134e86eca916c7659e29774991e131,caa376104e9efbb400b39e7aafdf7cc10adfcb79e7366c8160d7b6735fe73c08,stage2-v2-unit-05180-218d4c70c6d8,218d4c70c6d8784fa812354c2fdefa488ad8cb7614ab81b57183c91919ba67b6,ddfe7a9390990995aa91fa47f2553c06961309f04f06388148c0e5ae0412448c,0.00010148920409847051,-3.993580153315569,0.03807927490588568,0.00128224678337574,0.0013829616364091635
S-budget-2048-seed-43101,S,43101,2,74003,23,1,stage2-v2-unit-06387-293b7ad0eadb,293b7ad0eadbc8c5abf5c17ed967fecf1b6e3b6f4b1946bdfe9620d7d9481120,c2306b4047828c167f689d24f44f2fc010ecc88b929e3d63e528a6a52e67062a,stage2-v2-unit-15555-647cd77a2264,647cd77a226498b57bea68fc353355a6c962c09381a1cc926343c1d807ca265f,86d7eb240f3ab6e704bd1dd99e630f704f9860c7c0db499f70f44e205a40b800,7.720055873505771e-05,-4.112379556469,0.029201876518115222,0.0012970279203727841,0.0013466569362208247
S-budget-2048-seed-43101,S,43101,2,74003,24,11,stage2-v2-unit-36288-ead3eb363fdf,ead3eb363fdfcf7f01312b4b89dc289fffda08786c3f53a7e988453ebec0fb4c,67c8ab5bba84130a5eb8c556f20e656f05e7358082b708034cacea615c92ef17,stage2-v2-unit-35952-e89991c5882d,e89991c5882d9cda66969ce03c9df2ef690e103fc79f7d9a58c399e7bfa2469f,9c06f0c6534216aae55c4a4681e04736271700c803c6b90e72b5fdfca08de088,6.610158015973866e-05,-4.179788158571054,0.019005557521837163,0.0017191951628774405,0.0017588180489838123
S-budget-2048-seed-43101,S,43101,2,74003,25,14,stage2-v2-unit-35069-e34da40759bc,e34da40759bc8377bfa9e8f024787f12b171be6e1f55e04c7f67ef7cae6659a2,725e2f613e9a821ab4ee9622bf4b07392e8417a45d054b7eb2c141b55b27d195,stage2-v2-unit-37985-f59733604011,f597336040112f7981dbec2dbfed3ae537574abf20d1158210712001e8fe3005,b455404dc0a4612773a524afb8ebfbc14123128dac076d61ce976480926e75ea,7.958207424962893e-05,-4.099184745468243,0.01957098427043314,0.0020114323124289513,0.0020548973698168993
S-budget-2048-seed-43101,S,43101,2,74003,26,6,stage2-v2-unit-01323-0887badd5d81,0887badd5d81521f3380b7ad1d929bf2105d146b6a981ce3914dae11a2e5d9da,cf90641a6828a31408325483aac07c71624d6bfc66be246bb53f803299e75ea9,stage2-v2-unit-28087-b5bccb081761,b5bccb0817619895899725459e7e465de44ddfb6138b5666522895b4b6f1ac4b,ff8e6b42436b854ae9abd40e087932b1ded662915995ef1219f413ea629dffe0,6.160591874504462e-05,-4.210377561296122,0.020257877942022648,0.001442555570974946,0.0015985289355739951
S-budget-2048-seed-43101,S,43101,2,74003,27,0,stage2-v2-unit-01095-07151be67227,07151be67227722f1ddc44c567b2a45ac5178ebf65021d9c0097bbc0300e4a4a,3813ec739d320e99081de1a944cacd900cc2d6bbb2895aae9deb2e2fdaee1623,stage2-v2-unit-30516-c595c6b4be95,c595c6b4be951f1d38ed5c9b0d59171a9020a9d2eb8376db67e30f7ce554b83f,89d1204243515d1c18824e836c00d9b80945c06d5c73dc003b393d771b556e8c,0.00018831285706255585,-3.7251200275101444,0.028134945683702634,0.0034149507991969585,0.0032782505732029676
S-budget-2048-seed-43101,S,43101,2,74003,28,10,stage2-v2-unit-01910-0c7e479ca5f5,0c7e479ca5f5a914740556bc5d6dd8c5db76479f9acc53ca5524cb0064370618,9c5d68971aa678e857a7a58e79737dc21a06eaa523d139a9fe47e5fcb69c5c7f,stage2-v2-unit-16230-68c776ba3339,68c776ba3339abe2f2553854ba25b735622f8644fb76044a25336ace3e6dd99c,f1c9d9e872ef2867cb859416ce051d52e73409c2e2c5ea099fc98be49b00215a,0.00010032128193415701,-3.9986069269382645,0.034354220235095594,0.0015237388433888555,0.001396463718265295
S-budget-2048-seed-43101,S,43101,2,74003,29,11,stage2-v2-unit-19216-7bfdaba0e7c6,7bfdaba0e7c64ffa173398d8c97963913f585cdef317266710dcfa0f7ef97fd0,83d9636634c5f3271589f6eb7e4660f0af823198cd891ce385108cb7b3416ea2,stage2-v2-unit-30332-c46363803a5e,c46363803a5e26227a75b99f5bc5806aa912447979f851e2c59bd6246ad86790,5b548806dd76c70dfe559ea5dda3b103e09ee72da4336fd33df7eba061a47804,6.879706052131951e-05,-4.162430117384296,0.025858869029720257,0.0013672388158738613,0.0012932433746755123
S-budget-2048-seed-43101,S,43101,2,74003,30,10,stage2-v2-unit-20882-86f331e80e83,86f331e80e833ab37dcafc5709b5ab26fce5ca6b8337998b39a09bf97497a358,d183d744be9d29b1455b99fb236f38ae042e1620f8a1383847a53b4dd7f2be7e,stage2-v2-unit-27149-af9556df1849,af9556df1849aaed2ed1bbce7b59530303bb43f4608ab82d9b9f14faa53472de,18a7a872c087f2b6e141ee51c9cb867987889b39a9e2181468760d3270aa0e39,7.405367796309292e-05,-4.1304533668604115,0.024279321245229805,0.0015315229538828135,0.0015185490483418107
S-budget-2048-seed-43101,S,43101,2,74003,31,5,stage2-v2-unit-23594-986e068ac378,986e068ac378680d680a1fd61b7ce1aacadb2fa6b876431494e1fc034c44e8cf,7875bfcd153b951683f20afaa11bb4e9217626fee79d43a9705633e32cb16c28,stage2-v2-unit-15694-654cd154611c,654cd154611c68dec5251c5f3246f014ec64ce77298164623962420c3a83f7bd,041f0b713b8d78534e6a4a6a801227a7c7e6058f96d4f35617fa5396a8194187,7.177484076237306e-05,-4.144027762343813,0.022342045406077506,0.0015732109313830733,0.0016393347177654505
S-budget-2048-seed-43101,S,43101,2,74003,32,6,stage2-v2-unit-37972-f5860ec30893,f5860ec308939cc09546870a34f458d727e216b9a3feb0f5e8051469b5a911f7,b0de9507aca5af066404174d423e0fc0ebb9e162d470b6861dee2982c85b5184,stage2-v2-unit-14917-6064341c50e2,6064341c50e23f45e6540f260fd3456fe2b1b1452b33b858ff8dba4758dccdd8,abbe7bfb8f698d98811c10ef7cf4d7508ba7d2b4409ffe8651b8d2251b573097,6.499147275462747e-05,-4.187143621488678,0.02678720045187814,0.0012541910400614142,0.0011720226611942053
S-budget-2048-seed-43102,S,43102,0,74001,0,3,stage2-v2-unit-31452-cbb76b4a2d02,cbb76b4a2d02bb0ee7fbf58a68d2a0229ab6be5d4e00c04a70c68d85cfefe886,a58aafa2e5d5a68debd39a0a4eab0462bafdba1990f0d0f25ed16195476ff6d2,stage2-v2-unit-27886-b43ac5dd6c5d,b43ac5dd6c5ddb4c7e1b8c3ceb18e8d8207b439761935ec542f7f69536d88bae,ed42fd846b2268ec62df794c2d89ea4b4fa1f7591096a105ba277b32b24f984e,0.0001201003760797903,-3.920455632654363,0.040290405835317934,0.0015381112461909652,0.0014427566202357411
S-budget-2048-seed-43102,S,43102,0,74001,1,0,stage2-v2-unit-08447-36dd461ee443,36dd461ee443b9f5c8d5e208fbb5004b907221f57c6afa81f308950fb4d85f5d,bd607acab2474a4620c15544b5b40ea231e233db04f3dbb0152c9ee88bf3b5aa,stage2-v2-unit-38893-fbaa13e3bbf6,fbaa13e3bbf65868ff922abed5f31da16531be5da5bfa6d7e5d78e0024ace529,d6ede050c0b92bb4ba9fb56aa5c805d66218b47858846dd88bcb81e2fb40e9f1,0.00011427764547988772,-3.9420387161859196,0.022825432755160732,0.0023461715318262577,0.0026604211889207363
S-budget-2048-seed-43102,S,43102,0,74001,2,12,stage2-v2-unit-23023-949efb85bc5e,949efb85bc5eb2cc501a029988c53f9788d848236f0d5a9af6104415a2eb81ed,4734080bbf4bbc58dd244a98cd3fa08fd08748d22e1f2432d50fcff27eb15554,stage2-v2-unit-14984-60c0c49e2c76,60c0c49e2c76132b854b3ba3e81dee88c1d4b62d03e98224015e420e1c903aae,6b13067fa25419e939e2f3809293a0fdfc8a249246ec740db9b58168d6258279,7.52377527533099e-05,-4.12356418469811,0.022016421137158272,0.0016359691508114338,0.0017813779413700104
S-budget-2048-seed-43102,S,43102,0,74001,3,12,stage2-v2-unit-39496-ff791792deec,ff791792deecb8c78b6d410daed0ee14ac38656e31acad7f12336d75853e0b8d,b2b14fd6d64667caa7dd93e2343af34882fa3638963c851be9d165899699e6ce,stage2-v2-unit-18368-769da613f002,769da613f002b6313e38cf93915a15676f9d41cc0fac2f02ca4f47374e7ab2f1,6da7e9dd6dd7c592e0f58837a2f38e9533dc0af33386120d3d724ca433a4d4a1,8.402079402003437e-05,-4.075613218574151,0.025501283750682596,0.0016176316421478987,0.001677135587669909
S-budget-2048-seed-43102,S,43102,0,74001,4,5,stage2-v2-unit-38819-fb42bb0a229e,fb42bb0a229e8538395b160536c7d178fb6a393c010a846d96055baaad7ad51d,a21e4950777c019de47b41c5c914e79df5ae5c7480a9365ec9aa82dff7d9d732,stage2-v2-unit-16287-691dbc1426b0,691dbc1426b012ba90d0a258f372ae440cacc823f63bc61891fef4bbc6f8cefb,f659d49fdf52de32a1da5f431acd1e83686b5af31463e45f9681d612c1d5938a,7.912164437584579e-05,-4.1017046954258545,0.023381363335063986,0.0016474343137815595,0.0017365276580676436
S-budget-2048-seed-43102,S,43102,0,74001,5,10,stage2-v2-unit-03704-17f68cfd7dab,17f68cfd7dab665eeaaed7593562f9c840cfd9c6ed619568ad64b4167db83239,51aef2eafd9296aa301c5202b4bfdaad5f9915c053d3ec408b830ccd21f07e8c,stage2-v2-unit-33841-db9d0f8314ee,db9d0f8314ee732861ddc20b991322891e1f3efb9509c1598657f84a50d680be,5aebb70acb69ff0e7501e08f399eab838256afabf929692b3c6fcf612a79df9b,0.00014655690756626427,-3.833993707439027,0.0626621350080212,0.0010841158218681812,0.001254727365449071
S-budget-2048-seed-43102,S,43102,0,74001,6,0,stage2-v2-unit-17366-701efd168d66,701efd168d66d9c6ffe81782f140bddcfabcb5b147db2ea78faeaa35c221a4f6,bc152b88377ae7e3a3064a2f1031c8bca8ef3636c1055382df7f4accd18bc832,stage2-v2-unit-18338-7675e5102bd0,7675e5102bd0db2a89259c9b2fdc50dc6d2d1bc4581ff6d5f34ae6a9a073f4ae,accc22b95e289d974db4a9038add9a038df92aeb448951c2a19215ae89065c2b,8.019228698685765e-05,-4.095867400794788,0.032720447445664116,0.0012624697992578149,0.00118836120236665
S-budget-2048-seed-43102,S,43102,0,74001,7,4,stage2-v2-unit-12482-50fea7f8b45c,50fea7f8b45c0d77c60897a8dd57749105ac6fb2bcadebb620a6947e4b61a936,b2b4114e2c9b93e978520fb57861c0e34c43b823efb935862784330da6b2474c,stage2-v2-unit-07349-2fc9791d29c7,2fc9791d29c7291b859a7851afed1e55e4e26f926e495ea097b1bccec0837d84,47859b86107478fd787fc6896bb18e28f2f7468dd4617ddfd5c87fb61892a163,7.372480467893183e-05,-4.132386369362457,0.012780529227373338,0.0028952108696103096,0.0028733143117278814
S-budget-2048-seed-43102,S,43102,0,74001,8,8,stage2-v2-unit-38315-f7e125a2cb11,f7e125a2cb11d65bec69afa43dad799c2da893d63a57d3ac35175479a5c39a93,2100e9db98b6cfa4cbbd8f583a62aa3f519bf3dab970ef3ae843839006a51358,stage2-v2-unit-35802-e7a273a87bb1,e7a273a87bb1a2b978464a1f687da7c420209b45fd1306dbdec732d39bd1b4ce,34bd30073bc74cd8a70ec4a7c1ac2d9e37d0d20d508353c3fb9a057b24e97657,0.000133995694341138,-3.8729091565152474,0.032269835792585855,0.0019094683229923248,0.0022428829688578844
S-budget-2048-seed-43102,S,43102,0,74001,9,8,stage2-v2-unit-01384-090741b51363,090741b51363f94e98710aa8fe2f6c710a0a96603802c3e07fc2d8e03be3c06d,0fa70e894098eef57eb0e699471df345af7a391a3193859b8bf0a7394078ae78,stage2-v2-unit-29238-bd22d2bfb84a,bd22d2bfb84af40b416241e21ff3f5b09d0fd2c94c11d308dd74772785acf83d,58e95c9cecc9b4ce72c633e187981a48b1ea08f36b7dde2be55dde0ce7f199ef,5.966913522570394e-05,-4.224250256263936,0.01346887849271028,0.0021923775784671307,0.0022377711720764637
S-budget-2048-seed-43102,S,43102,0,74001,10,15,stage2-v2-unit-10128-41ca69e8c3de,41ca69e8c3deee34e7a5d7d4c7a6c4a982f9eb6159e2986cf713c2d81aa57b5d,36252b479049acd3ff03e90db0df26cf1ad4bef01d0c4025ebc82dcf06826379,stage2-v2-unit-17985-74311e7a32ce,74311e7a32ce29c162b81064e6b148f87b1d9273977eb9254ccdca9863194895,c18fe62cf2ffe94307d852ba3f504795ff1aa73b50758d8215df00e2f2b9cfa3,0.00011516764061525464,-3.938669530256546,0.030098176921205363,0.0019544672686606646,0.001871931948699057
S-budget-2048-seed-43102,S,43102,0,74001,11,5,stage2-v2-unit-19923-80960b1d3cb6,80960b1d3cb69c1a669b647663f3f68ce32fd1498beccfc1a209e7270ec54e21,3ef2bf6f7100da75d8e57c35d81b036dce9014397c26e06b49f5e0b47483d181,stage2-v2-unit-28651-b937f6e4482a,b937f6e4482a852cecda1249eb9a8e6d841e6425108b5107ea7b68bfd5e8f263,34dccf2742e389e6a107211e1f7aea5d4c2c0d705f099710cc4b978c5b541f3b,0.00015265731781255454,-3.8162823724368025,0.0386595950041566,0.001865902217105031,0.0020828540436923504
S-budget-2048-seed-43102,S,43102,0,74001,12,13,stage2-v2-unit-02348-0f0c33992460,0f0c33992460cb4118b599a511838aa39a085a0c4d00338d290b3a0089926a9b,d6ed86dc46e2f3c1be278f524d148748dbcb84c402ad6bae1d16df1b54fdf8a1,stage2-v2-unit-19095-7b418cd2bb6e,7b418cd2bb6e75040114d7587a72e017523eb6715d2e5f1c0cd4859e75256f67,170a06b5b8e8f7db564ba8db9bfb1fc423410e8188dc0f5d77230cffcd398d3f,5.991107173031196e-05,-4.222492911382804,0.019180354176296308,0.0015352051705121994,0.0015883592423051596
S-budget-2048-seed-43102,S,43102,0,74001,13,3,stage2-v2-unit-16117-680a3557c171,680a3557c17135a879afe2d567f52e5feb8840226450bdeb0d4f52e110916817,66e90458ed79c8830ded9e7bd48eb60fef1330df2ded6bf1ed61540aa129e029,stage2-v2-unit-06859-2c7b28567f5f,2c7b28567f5f594519bd4ce6ecacbbdae150d134b7600edeb943c15710d1d95b,e00ddeae49475a2f4ccebd983ef06a62c8d4c2c8f15db1836feeec05a8583f32,8.831544255372137e-05,-4.05396335044865,0.025048379061640515,0.0018421369604766369,0.001683657756075263
S-budget-2048-seed-43102,S,43102,0,74001,14,9,stage2-v2-unit-11024-47a62e49c0ab,47a62e49c0aba7374583d6f1339832c4b53353059b343b0f9b12dd80c02d6fee,4fa5ba864a436008936bf525ecb0dc56bf46c5189ace8dc06a40e8465d8e4c2f,stage2-v2-unit-08327-362a00336e02,362a00336e028f29ff51259fae5f1da7464758beb3eceb2dd05dcda5f11a1556,30b68aa45e5a46d674d2e6de7aaf72eb95e80cf3de42b7525d166ee8a06fa89e,7.31252584955655e-05,-4.13593258568926,0.01819365262157225,0.002082513878121972,0.0019367592176422477
S-budget-2048-seed-43102,S,43102,0,74001,15,13,stage2-v2-unit-25886-a6ee5dc61a9d,a6ee5dc61a9dbf4e6241a9e9b50ebf59cd8f2c93484c93d57052bc43a1721b7d,5d4624ff6548ba5145103df90937950690a7334c4965511b0bd2665c4c870385,stage2-v2-unit-15593-64b51e99d2df,64b51e99d2df21f45521562e69343a4c32e3449d39239c444235ddeba3e61d6a,4f968c12fb99971bad88521f942ccc7418558e0711f426f2ba030c87ff502fc6,7.878596807131544e-05,-4.103551124285082,0.023499853517927483,0.0016533442540094256,0.001699271029792726
S-budget-2048-seed-43102,S,43102,0,74001,16,13,stage2-v2-unit-09705-3ef776548df9,3ef776548df96eacf549ca4e8f7314c77774cdf6e1bd0ba9849e9850f19bc88f,2a2ce9d4f957896640bd98ffdd63e72f0e91318bf97a01a60bbaa26520675daf,stage2-v2-unit-27216-affec99711f4,affec99711f415a9aacab477068f4b0257f3372abdab6ab65914bd6b32b2e055,a2114cc1eb96b43e6a5f1fea4a85aa7eb9b8bb14bfc7a46ea502ab25350fc6a3,0.0001314937835559249,-3.88109477820977,0.035286447643350656,0.0019649947062134743,0.0017614723183214664
S-budget-2048-seed-43102,S,43102,0,74001,17,10,stage2-v2-unit-30836-c7d6d8785156,c7d6d87851565560cbf35419bbb247915d22e1be6cef7c9486a48bc72b7a2779,f011ea54a393ad22671e9d096f4cb26d595a1ec018716553f953f57769e924c6,stage2-v2-unit-23719-99219d6596a7,99219d6596a770dc70f12accc0f2896d697b99d8ba2935e680390f2b4d646d74,3dc6110138702c591431a6fba91be44dcdd0aaf66ed1e730a9e7e13f8e0b1a7a,9.00780942174606e-05,-4.045380810765331,0.027917893481807357,0.0015458855777978897,0.0016806506318971515
S-budget-2048-seed-43102,S,43102,0,74001,18,3,stage2-v2-unit-22432-91007531793c,91007531793cc45e740d742e64c144a615396064ec7d6d0a7265559fe2ea273a,5b9f158ff80939c1a411d7cb2a4e90823ad0cacbbc57d95081146327a9f7b83d,stage2-v2-unit-32902-d57397a4bafa,d57397a4bafa3d720ecd477d33fd3d5a08d91dfc86fd1cfba490f5563a518aec,09bb688012b603f1b37ac70340b9d1e8056a63c57d09410d117360952b90e309,0.00014269864186644554,-3.845580160261073,0.06481117484807915,0.0011501373955979943,0.0010516224429011345
S-budget-2048-seed-43102,S,43102,0,74001,19,4,stage2-v2-unit-31921-ced0e669b784,ced0e669b784eef9c9bd2ec4f7a70c9aaa7a60dec9c1006e81221bbcdde22d70,51f67e19570f9c8fb6c8277f22e2435e4aa6b6f9bf401cb373b91cca053d77e1,stage2-v2-unit-02211-0e394ddbd02a,0e394ddbd02a2f96a5eff5e47f99246bd1f52c5dabea16a9c44689fbf8e4b861,1438df18588e6ec30dda68771830c52d17bbe219bab972479077dcec7fe35256,9.96894232230261e-05,-4.0013509167088355,0.03850518837727588,0.0012661920627579093,0.0013227947056293488
S-budget-2048-seed-43102,S,43102,0,74001,20,1,stage2-v2-unit-09494-3d921e82f4c2,3d921e82f4c21af957a5798954ab437c70e16cba2738d462280976453d64191a,92920c45834e406e84d1a9857476c23b211a2d7ff09ca388efc240492bec3450,stage2-v2-unit-13468-576f93cd8907,576f93cd89076cc177ff43485313c4d3a11fce239d6e3651eb68055eb5063ee4,93a068cbc9a1012943faeb6192d25e74ec969f488c8f747b601464b4d4a2d56f,4.574006379698403e-05,-4.339703233986839,0.013188939180768426,0.001725630136206746,0.0017424322431907058
S-budget-2048-seed-43102,S,43102,0,74001,21,15,stage2-v2-unit-39504-ff8b8a75e51b,ff8b8a75e51b606d50ab96ce0365c8b7af41064d3cd6587c9ecdc0b48efa182a,79b5492a4da73396b11290d8cc432ddc040c10be5f81f0fb03aa46c46b642ee3,stage2-v2-unit-32632-d3c42fbf147d,d3c42fbf147d89499c7062963a1f1bdc7e2a6ddb7bd902e42e16f3602895f279,5d1c499576ce73e467565b93bee35d8b55f9c795bd31e395edec713a4a30bcfd,5.064236756879836e-05,-4.295485998922194,0.018621254407096076,0.0013501814100891352,0.0013694188091903925
S-budget-2048-seed-43102,S,43102,0,74001,22,14,stage2-v2-unit-13686-58d36d70eb84,58d36d70eb84ea179427decb4a40bb40147b445241020222a68d29a5b3beeeb5,4a08e2c6544ca9553f71bb68ac3ae37141c4fbcc2604a797a9f26ba7a12f2fec,stage2-v2-unit-04495-1d4b008d8b81,1d4b008d8b81c8efe60eacbc9905e7e4e0c89278f4508fe7638087e94c2ca5a0,3eda24cf639f9172571a3f03d34a0d1b421c31a25ee7c1961c2c0b7d87951380,8.086346497293562e-05,-4.092247653227611,0.02657840339992654,0.0015842942520976067,0.0014581558061763644
S-budget-2048-seed-43102,S,43102,0,74001,23,7,stage2-v2-unit-15570-6493a1aab058,6493a1aab058844d7ece06308edc59d4326f63b0dffe81249b32355404b84958,0cdac294bb2eefa2e36b4241a3ce15bb5a259cdb7be9a7e15f98d01eb989f114,stage2-v2-unit-28295-b72053e31424,b72053e31424d653e8711296e5c5f5db4e2ea9df922b760e7fa7f5725e46a4f5,094697017f50655dc41d82bac2152c27fb90faab6c1c1354076fd606746bac7c,6.614672020077705e-05,-4.179491684870542,0.01601971143227322,0.0020583902951329947,0.0020706928335130215
S-budget-2048-seed-43102,S,43102,0,74001,24,13,stage2-v2-unit-02921-12b2599ac2a6,12b2599ac2a62f344c3b6e36e4766e54d8a5adfc8b647f33c7fd81e11ec4f663,f98cf3e6c22cb16064c59f648fb4ef1d45b8da599c8f818b7fe0069ac7cb478e,stage2-v2-unit-07913-337043e5bd3a,337043e5bd3ac88ebb7cef7aa82ef29254186b8a5244f7b2963c7194b698a4a7,bbd4f975a2dfb09284dd98743ba648f15d5ae5f17f3c77ba3b13579e7c5616e4,6.068355651223101e-05,-4.216928974220606,0.008132535307260495,0.0037039918825030327,0.003757833270356059
S-budget-2048-seed-43102,S,43102,0,74001,25,13,stage2-v2-unit-20182-823345e564a1,823345e564a11e962fb198dd1430c497eb1db783690a776c3c167f3c61938513,222fdcd0e475ba105e4f317e43e026df948478fd27262e4c06ed45efec7183a3,stage2-v2-unit-09007-3a63e323ae91,3a63e323ae915b4d1ac7760cab22d6a092c647a8937dea1959cbdcbceab27bb4,ab7eddf6c007ef4fdf5018d76c291a6f2db2df846936305745f30a556de81ad5,5.5722175602568313e-05,-4.253971935432842,0.013604999585298216,0.0020628557540476322,0.0020328573882579803
S-budget-2048-seed-43102,S,43102,0,74001,26,5,stage2-v2-unit-25515-a49867491644,a4986749164455f19e5933f871e1b4e682dc24ff77c5a733e8e747a32e2170ed,b03a3f6cf4abca881a002da43052458eeb248a963ac33ddc13730de9667317b8,stage2-v2-unit-02017-0d38d2316076,0d38d2316076e382ae9680cfe115d519bf708bd5c0aaeeb1f0a89d54724f754f,adbb3caa80f7de7f1bfab620e8fe8b10f21bad7f051902bd30612727145a795d,5.2372350182849914e-05,-4.280897936914978,0.012754696619571376,0.0020457326900213957,0.0020603900775313377
S-budget-2048-seed-43102,S,43102,0,74001,27,10,stage2-v2-unit-13332-5697b6743157,5697b6743157297413a72f2276d97a887b7a15c41de995d787d3b9483340d8cf,cbfd9ea172925e229c857c00899bdad4a1620a3cf76b1637f8b75eb33872b73c,stage2-v2-unit-01809-0bd1a17da967,0bd1a17da967ca4143657d8aa1cbe7a30776c3fbdf8f3e48e6616e17287a5081,0ff8b7e996d794156e4f048837531ceff9705892bd5442fc7eb46bfbdc44aa9e,7.204327994259074e-05,-4.142406523107618,0.010363699026301697,0.00349552184343338,0.0034559806808829308
S-budget-2048-seed-43102,S,43102,0,74001,28,13,stage2-v2-unit-18612-784f478c4e8d,784f478c4e8d5c04c40af1600e04644bfe956bec75ef9051fb9e5c6ac4bf674b,fd48ffc961324f752e6c0af063ba83c3612f6d73ac2f36a7328ea3904b5a94b9,stage2-v2-unit-13384-56e5fae36647,56e5fae36647389339d4d7b0c75901adeeceeafe3db7d28017618d26badebef4,cfda6b68b49df5aa866c30b30aa7111dec08dbf957486369cbe337423b9c7849,6.621946522500366e-05,-4.17901433084411,0.023600729927855283,0.0013698223046958447,0.001436000457033515
S-budget-2048-seed-43102,S,43102,0,74001,29,5,stage2-v2-unit-23505-97cc33441bb3,97cc33441bb3a5058b4c26cd91bf2c3e6ac4c9231b53604b6af01007b5c830ad,7c9aa33dd6cd9267ca26ff85b642417086572cbb03dccc850c12399f1ad5a52c,stage2-v2-unit-14508-5dd2d36ff7a2,5dd2d36ff7a211818b939b050db01be144f0f97b86d6687073fe665de56433d4,4caed3ee6404792a44f0dc6d69335e49f496a77e6e6665cfae5012b6b14de8a4,6.233588646864519e-05,-4.205261860110383,0.014795630794650108,0.0020990006159991026,0.002114127390086651
S-budget-2048-seed-43102,S,43102,0,74001,30,1,stage2-v2-unit-31093-c96d25f9f324,c96d25f9f324aabd694903de4400acf59dbb88a3c7bfff7f5eed7b631c99ddcc,d3c631b775dda85a7f318a08a443a191d9556aa5b07708a9c0248de766e90c29,stage2-v2-unit-25603-a53cf126beff,a53cf126befff9362fdc726ea213596c2c6045fa91f25782a0d945be9ea71082,4fdd5a69c776cb9eb456e1ff62243e13e135b0953a4a634e83622dbc0d2def4c,0.0002619347651489079,-3.5818068562508607,0.07886491363127343,0.0018635583110153675,0.0014577509136870503
S-budget-2048-seed-43102,S,43102,0,74001,31,2,stage2-v2-unit-38233-f74e514a2ade,f74e514a2adecceef9e24dfb04615c8bb841594a5c45bdd893fb5762956120d4,4088cea66aeec5afeba663fbf92dd68c566564e74be9dd6ddd58eca3ede82c65,stage2-v2-unit-27411-b14da44153e3,b14da44153e351a03279adac27e30e6d0a3c04f069c9c876ecb7c2e069f5cbcd,df1061412ae2c42a3ff16ed4deccc91bc8a30594dfdefc9497f24f2a52be6956,7.028701656963676e-05,-4.153124890526626,0.022420995960765543,0.0015925096813589334,0.0015423651784658432
S-budget-2048-seed-43102,S,43102,0,74001,32,13,stage2-v2-unit-29727-c0427e3c5b28,c0427e3c5b288c646797d1e49bbd026273090d40532d10bd4a896186365358be,730d70f44ed8b4a563cd15be53cef8a3148caba659cb7e1890015b3863728e72,stage2-v2-unit-37747-f41270e93ebb,f41270e93ebbbc12546f953aacdbcc2307dea1187f47ad0f2ee19bdf88ec45fc,3e038daa0ea9f1226110d84f86ede6668d0c82b4a8b6d273c73ca97f7c831e8d,9.36351643758826e-05,-4.0285610227744035,0.023729715402118278,0.0019821026362478733,0.0019638007506728172
S-budget-2048-seed-43102,S,43102,1,74002,0,12,stage2-v2-unit-21381-8a32ab4f1a69,8a32ab4f1a69001bf448a9da4a56ed722c8b37ec4a4a5b0422f97e7b02c4f491,61a024f8a26b2b3857f159ad56adad47c07680fbf5099a7a23beb0139866038d,stage2-v2-unit-09171-3b6c8f08636d,3b6c8f08636d7daf3620cdb86a57388c64ea8af706abead328d38b7fd4866acc,15f940921c5ec6e70824c95652fb0361961a29c9cc44a962c2008e12abcb3f3c,0.00016866953228600323,-3.772963359349667,0.022136434120323567,0.004280692897737026,0.003338851034641266
S-budget-2048-seed-43102,S,43102,1,74002,1,8,stage2-v2-unit-21827-8d1cda412d6d,8d1cda412d6d1da5b53c0b7dc1d82e1b7db447922b295e950a8935e31a5b50f2,6ed0663c22b5733d0afc25633e717b18b5574ea8b41f169ac66b181966ba7cab,stage2-v2-unit-13489-57a03827255d,57a03827255d899a78dc6f9fbabb178544afa05b8cc47b547c6f3fe193d543b1,7e13bb9e30b60bbc89e6f100fbd803973913af6eb9ba8a308fb3cfb476ac0d58,9.139190660789609e-05,-4.039092262375153,0.020045879897001958,0.002254052320495248,0.0023050843738019466
S-budget-2048-seed-43102,S,43102,1,74002,2,2,stage2-v2-unit-32659-d3e631c5b50b,d3e631c5b50b11ebe1f92b0d7abfe403b42a16630b1b49be3cce114cf8534ee4,975494dc6d6897802f9b44f22a01354d18bec699a6a4fe28d0b181b99024c3ec,stage2-v2-unit-21769-8cacbe121d7d,8cacbe121d7d68e8da792163805517836939ce808ec8dcf53e8042f07333cdb9,290c9690f5ce377749465ce64a014e856d55e3ef542532ce7a155d46719f3cd3,0.00017121709242928773,-3.7664528823154835,0.031693189396605606,0.0027564791962504387,0.0026458515785634518
S-budget-2048-seed-43102,S,43102,1,74002,3,10,stage2-v2-unit-26633-ac0c85f1d9c1,ac0c85f1d9c16b05bbb3e48e3138d746ce80d35ac550341dbd174f25438e810a,91c371e5f0c7255b0e83c982787b4149e0f5808543a7492c87bad9f113561a41,stage2-v2-unit-03185-1470b29ac1c0,1470b29ac1c06cc0151ffbe1c77a814b36b26c8a329f665f01b443d175ba19ee,6af043c646351d5be22ab6ec4630483db86254c343022240d5adb9d1fdb1e49a,5.096166569273919e-05,-4.2927563854344255,0.010545952790485574,0.00231586373411119,0.0025164796970784664
S-budget-2048-seed-43102,S,43102,1,74002,4,11,stage2-v2-unit-21451-8a9fd1bf6351,8a9fd1bf63515a42fdb1a1ec876ab242193dc1056dec983ca603f257b243cafa,83d7ab5ca2ddd90a3dcdab4ff52c535544f9149132c16c2f8622edd58dbe3a35,stage2-v2-unit-30893-c823461b6da8,c823461b6da8ebd543b8b19bd57df6d072a32dc9d03a5fa8d074854a562ae3d7,2faa5daafea37031191359a242b35de781e891eaea377912ee9c5c5ad20e1bdf,0.00012130088725825772,-3.916136022464374,0.0112748366243419,0.005262703634798527,0.005495845805853605
S-budget-2048-seed-43102,S,43102,1,74002,5,14,stage2-v2-unit-23991-9ae79af536d7,9ae79af536d700a1e2110a22335e6f129caa4397d35d76ba10cedfdd4ebf08af,32b5b312059e2ceca6876e05fe303769ea85b3dd9e4c9118f632e4a142f7385d,stage2-v2-unit-12410-5086ed34abcc,5086ed34abcc0c8145f8338caae4ec80aafe0d3d9de4b92bcd3541b3b33d3e31,07b20e181d74a0e64eeabcc62dbe34cbe4efa42feedaf760ec4ea859b78c8f8c,6.348590977722779e-05,-4.1973226524248055,0.021965876651011063,0.001505866413936019,0.001384339644573629
S-budget-2048-seed-43102,S,43102,1,74002,6,4,stage2-v2-unit-08708-38837cd2864e,38837cd2864ed11eba859fa3a77c1d52a405d067ffc6f51b67189d9bd05e9360,537960d486953aabf7bb06b21751396861a1c8a26b88217bcb2ac4275b7253c7,stage2-v2-unit-02722-1169180d4402,1169180d44021088de1d51e7ab40c75df0e964d79c52aa5de802bde53a7f6ce3,d5edac598ffd861390fffecfdafd42295d6195c55175aad11243ad4294be241d,6.202157965162769e-05,-4.207457176743505,0.02555520226195313,0.0012207208201289177,0.001206244109198451
S-budget-2048-seed-43102,S,43102,1,74002,7,14,stage2-v2-unit-15053-611553e99ab3,611553e99ab3fb7ad7f215adaa3be72157838b6b361727f8a4d872b92a66486f,877a1833fc11a122ec09719138b45a2d1f1cb879cc87b27acf89d7dd1caf1dd4,stage2-v2-unit-25376-a39052e88cd0,a39052e88cd04990c9f6057462e3248be1ed92839bc0aafe2d0c0a95909edc53,b09998d3607da5d7148014d5a0419bc1c48c3a97fc8e3c039cf1f0b6882c1c9e,5.500584302353673e-05,-4.259591174904005,0.02321187989875519,0.0011629473883658648,0.0012067806674167514
S-budget-2048-seed-43102,S,43102,1,74002,8,14,stage2-v2-unit-01084-06fb5f2d798a,06fb5f2d798a0aea9392ad5d5bd5882c6275b34149514bfc79a3100beeec6d49,1ffef478247a13f6dcecb3ee2a4f52e761b55d9d29745f11c8e04d4f9324d602,stage2-v2-unit-35054-e33118756098,e331187560987ce27fc08250669af9e25303b3316a73964ae2e3a79c7cfcf2e9,87f5691f36846c77c400cc0e2ba327d807bea8f8648dbadb07bc66eb3abaef49,8.036783401621506e-05,-4.094917736132519,0.02318946754825602,0.001724566100165248,0.0017411380540579557
S-budget-2048-seed-43102,S,43102,1,74002,9,12,stage2-v2-unit-32534-d2fad1afb88f,d2fad1afb88fe7cfc83b27a6ccb2629ab3898bca7d9fe0a96dd43c834e5875c6,0ba89712b4076cb36c3943800d58d2404e17a84296d1417137d0293d4cd7138a,stage2-v2-unit-00457-02d4bda8783c,02d4bda8783c184b33e74152faa8c0ef16fcd81aa48b25260e18ebbc52593436,2c620a32cd796946e5f79d1bf1c5b4aead7e2604e29f9ee5c1f802c1b39b0241,8.842127135721967e-05,-4.053443244921487,0.027808453773132326,0.0015870352508500218,0.0015926191117614508
S-budget-2048-seed-43102,S,43102,1,74002,10,11,stage2-v2-unit-04813-1f2f886bce93,1f2f886bce93d54a1c91e24bea901fbdf55306b97d59194adf363bff44081b1e,5d36e7be92aaabdf56d436e83bb6d397f898f5ab7a259d0915e4ed70572c3818,stage2-v2-unit-21326-89de481b03ca,89de481b03ca2b34efd138441070ed1e420e6f3360d548466380472b5cf30f12,c1cf98261f7eb2ec8f70d83436fdcf5a25c036acaff318cc805ebfc587731279,0.00010219166870228946,-3.9905845091338823,0.028339335209924602,0.0018519216682761908,0.0017540792468935251
S-budget-2048-seed-43102,S,43102,1,74002,11,10,stage2-v2-unit-05163-21698835b913,21698835b9130d76c13c5d7a6a1d19b51fd4c066678e2000452fb21049770321,175e9e0a3c7d9008f0cbb02da40d77495d497516675f1a6441ac73604aa3442b,stage2-v2-unit-07134-2e51badbccf6,2e51badbccf61605fd75dcf456e11c44129f6da581243a8900e550f6f014e798,79b48c4a4711630eb609cc23cfa228a10700ce6e7e8de6719c9222e4269b9b4d,7.260401616804302e-05,-4.13903935517625,0.02569996397592692,0.0014280170435085893,0.0013970459112897515
S-budget-2048-seed-43102,S,43102,1,74002,12,1,stage2-v2-unit-30057-c265b2e826ad,c265b2e826ad2d902c944685a40146d6d665a991769f4f946344081cf037580d,9007971cd813546bb0b1bb1023949f424cc4362a4a0200895d0e5cca4998dfb7,stage2-v2-unit-22038-8e65a247c141,8e65a247c141a310fc93f8a6828cd5eba4c74c8f51f2a1fff74925e0448040db,a1d08218ea00c524ed1ab86018e6a239902f0df954fb4b8a1296091f5e83fd06,6.15578392171301e-05,-4.210716633033976,0.01982004579267392,0.0014870353043079376,0.0016188020817935467
S-budget-2048-seed-43102,S,43102,1,74002,13,0,stage2-v2-unit-29327-bda53b2e1af9,bda53b2e1af9c4e62c571dd4843297adcbc28273cffdde09b6a691cb4c9ded5d,0714a39a18828bbde641690ad0a46b90c0ee9eb12820f266882c54a9f896a610,stage2-v2-unit-13138-552b2f68bd63,552b2f68bd63547f87c02ae01d533267eaf6d2c62a8da55f7d6556f3ba18ab55,2086dd76f87d9eb4eaeb5c393859ba097fe55c429b1f7ce47d322e5acfd2488a,6.372800271492451e-05,-4.195669692433041,0.016545522756844736,0.001909509184770286,0.0019421674078330398
S-budget-2048-seed-43102,S,43102,1,74002,14,12,stage2-v2-unit-10967-473f40eae2e4,473f40eae2e4191d05f350fe047844a91c6f35bf89f3f12f4351bb601712ea7d,4e35e5049c3835bf8138544ef1a4d54ee95906c6cc1f8e59733868c9b7fa9f3b,stage2-v2-unit-13342-56a37973c726,56a37973c72642c997b13318248e190ec332e1e762dbc2e98f06cf4d6b34269e,1d5bf04edf0d3fafe070a8e11c676c12a8df73c1cdd00723bafd0d027a0ca2a5,0.00016041722847148776,-3.794748991237039,0.024526447138046754,0.0033202944323420525,0.003220287151634693
S-budget-2048-seed-43102,S,43102,1,74002,15,11,stage2-v2-unit-37561-f2f49776882b,f2f49776882b5b15ae076f122dde0fb5ec76c0b8d0e197471654607b88f0406c,aded61db623760e9ccbe5468a6dec8d916ae83edb7df3d6df012e9a7dddd2528,stage2-v2-unit-12503-51153ce353fd,51153ce353fd0a4e64e64fb737e3d9082bfc92109901b5a5529abf67193f4a27,2f8b80d432d38fe57a3c8d29edcb28b64c42bda6d38b5ca56a2725057c95b227,0.0001254687667824328,-3.9014643706149053,0.0370139603512507,0.001820388250052929,0.0015693805180490017
S-budget-2048-seed-43102,S,43102,1,74002,16,9,stage2-v2-unit-05480-235b5abf448d,235b5abf448d062942a7e10d73a1c228d572089be6c10a92f6c9e000c32dbc6d,7a8e8c5b1603bcd037096f0134e1e8f95033e7626cefd136b9463847f2470959,stage2-v2-unit-28704-b999f8dfae32,b999f8dfae32cf8b0a2c59778e79ff90fdc0eaf0138e01751f1572d03a10afed,43afc83c14256d4b8ac1faa217deadb84431074822a745f92ea1f26a2533951f,0.00012502161553129554,-3.9030148934367843,0.027194762998606844,0.0024943253956735134,0.0021029426716268063
S-budget-2048-seed-43102,S,43102,1,74002,17,2,stage2-v2-unit-17465-70f170f21870,70f170f21870b6ed8d64775cc8a985b8a585d499f99adfb83855cbae006c5c40,814be36c5a57da1aebc5c8818020e9a03eb30f462696475ba3cb27c32ab811e4,stage2-v2-unit-18956-7a7b0647e04f,7a7b0647e04f07058f618befcc3114dce82a4a8057c459ac622c945273ee6a48,fdb1922948c04dfba365d26d4de92aba6d426c5c28f9183d9ff8c3010dacb7dd,9.260766091756523e-05,-4.033353085060991,0.02761283324057246,0.0017538722604513168,0.0015999183524399996
S-budget-2048-seed-43102,S,43102,1,74002,18,7,stage2-v2-unit-29727-c0427e3c5b28,c0427e3c5b288c646797d1e49bbd026273090d40532d10bd4a896186365358be,730d70f44ed8b4a563cd15be53cef8a3148caba659cb7e1890015b3863728e72,stage2-v2-unit-25999-a7a0fb4c6a71,a7a0fb4c6a71390b7e5caf099fc6ce0ac6f212bc723bce393141156b16c786e7,da5e91915ba67c8f83774ec8e85d589ef8692f2ad77640bfad24b942dcfe4377,0.00010601319081615657,-3.9746400937705717,0.03700442209988548,0.0014993705553933978,0.0013655084185302258
S-budget-2048-seed-43102,S,43102,1,74002,19,7,stage2-v2-unit-08860-3978db03d4bc,3978db03d4bce7c3de0fb040c89eaf7c67d5b8ee16cd9734343f257e9efa9f99,07bd16c2e909bc8d7aca216a67736aaa31b4bd2eec4f198c5a5da77ff433127e,stage2-v2-unit-25779-a64f36141ce8,a64f36141ce855f8792e323a8f054d44128bbe5abd986768a8d28ecefc227682,3035eb26aa869e8a9fe10c3062ca9288852302d1c95bd9cd51509808493f9d50,6.573662540176883e-05,-4.182192594245988,0.01594689713276658,0.00202956167049706,0.0020926587749272585
S-budget-2048-seed-43102,S,43102,1,74002,20,9,stage2-v2-unit-14766-5f79bf3f329d,5f79bf3f329decb0811a57bc3705c7e6e40b30a66181e27bcad3914fdf00f6b1,ed26ae3938c23708c25a2c6716f07e90fd9c2d756c5973aee36ea51e5c1e7f5b,stage2-v2-unit-00719-04b0051c96d9,04b0051c96d92b141d3aa16319d1109f43d9d94971d7dd28f54e1702e0b84617,079c25dbe80ed3e8066b21afd10b1d7e2d8825e42e0e50838fa80529153dcae3,0.0001030486382660456,-3.986957742821689,0.027120587214943186,0.0020061894319951534,0.0017934568459168077
S-budget-2048-seed-43102,S,43102,1,74002,21,10,stage2-v2-unit-32680-d4001419d2e2,d4001419d2e2f93e0d3ff15f75fa3be7e91ab54ad2809e8580b8a79ddb0dffea,c046f0d58f6e6c8ca6f7f77e7c8ab3e7e876b69cb72aa1eec036c8e08fb5a415,stage2-v2-unit-00920-05ef58d3e6fc,05ef58d3e6fc4a553b78ccc1412887dbfe1f4e0c2f8b39ca270fb7361e597ab6,6e00d8ec8aef1c832d0cfe2af79f8002ac0d00ae1a40d68585fe4640a692e7df,5.355418397812173e-05,-4.27120659378398,0.01727901490366743,0.0015314578777179122,0.00156791927292943
S-budget-2048-seed-43102,S,43102,1,74002,22,9,stage2-v2-unit-28090-b5c26c6cc3e9,b5c26c6cc3e90b06fba9fe379717df4f1c4b17e6135f01378c258133e53ed158,79caa3a2f00fe16f8cb4f98aaf5896ce282ebf3ede074b5061fa5e4027d28afc,stage2-v2-unit-05361-229b06c2004f,229b06c2004fcab1cd1ea2f4dff4ab14150dcd88924a7c04ec0fd8ff6cb33130,4ca3f638c806afa703b6e80e4598b176aef26c281d0ceb0ce19c5feca1c54cbb,7.02387114870362e-05,-4.1534234640609915,0.02599425350149282,0.001391971600241959,0.0013101145159453154
S-budget-2048-seed-43102,S,43102,1,74002,23,2,stage2-v2-unit-13871-59f01d68c4d4,59f01d68c4d43fb38fbf5c950cc886046543f531af619e03a78cc45a557366f1,b0d3e036ba4419caabb5d101812e2318de300c8a29823bb86fdeea3e1c20355b,stage2-v2-unit-20695-85c5d7cb1f67,85c5d7cb1f6792b0e5a34bd69e4d5ec8bd3256f1a42bffa63f5fdb6ce6fa0403,864d3f5a4145d8b17354e49db1c0bfae4310de789863a76bde6a927580e149fc,8.738831820664927e-05,-4.058546618595228,0.027856202132005663,0.001578869647346437,0.0015582528430968523
S-budget-2048-seed-43102,S,43102,1,74002,24,10,stage2-v2-unit-17216-6f3691daaa12,6f3691daaa129191b50b022026cd3646a278401d9551bc36991e2e3ea37602b8,92c363b327d2fe888676b6620c9264575197bac2cf0ab5f0006d6a37f4624743,stage2-v2-unit-00045-0061432a3946,0061432a3946b30c3dbf7f2705670146d358ceb896c54636ea507d658c886924,918547540dfda3b6cb138f9e75f50e56f067e7f2363b1c5131b00edfcdeef722,8.261355105787516e-05,-4.082948709738169,0.016225963214854578,0.0026472483295947313,0.002444193698465824
S-budget-2048-seed-43102,S,43102,1,74002,25,0,stage2-v2-unit-28878-ba9d355bdf45,ba9d355bdf4545aa2e08d7757eab57e69eb998e5554001a16b1624aa3f0ed837,c66087c2f3d5cc511bf6738ae801588072cdcdcd1c1328b808fd865ccc7ecce5,stage2-v2-unit-29901-c15c8d8636c6,c15c8d8636c6373921658becefdc29f714bfa5f595e56e8bbd0007bfccb5bb4c,569bd31efe2d21b72c11da9380fc742789183730f1ce663090d95d9b1987ede3,7.587143045384437e-05,-4.119921727820012,0.025722150873829248,0.0014869843143969774,0.0014626691117882729
S-budget-2048-seed-43102,S,43102,1,74002,26,8,stage2-v2-unit-08188-3552ef896a77,3552ef896a77b12192c836dff5c1633335caba406c7f5008e5b141af03dec88c,566c359cf4713a0efd512d838f2b6132175e6fd06d007738bc83b88844759bff,stage2-v2-unit-30034-c243c6e270be,c243c6e270beff5c220271a5625970e3de5949fa89da600b11277096702b8429,6d3e84de6bfad92fc433ff6ad896d10b89687991eda862c667be0b7d54521d44,5.12311453348957e-05,-4.29046593483096,0.018621669346689313,0.0013988283462822437,0.0013523291563615203
S-budget-2048-seed-43102,S,43102,1,74002,27,11,stage2-v2-unit-28359-b78b83a38e4b,b78b83a38e4bb0717d12aa20fc190b0f441e6d6f103ecb2ae966eb8944a2b75d,25c00b7dc3bc0566a49c1d9f4edb81609a967c0a9d88fc517d7061fbda5319a4,stage2-v2-unit-17837-73427a9acf1b,73427a9acf1bb34909aee71a865ed2761c195d9cce7b0de0d8b85c5623aa30d2,a2804ef2e86834212ad5f835391c84993c082c1182ce98767cf0bb71ccb6fad6,9.281005623051897e-05,-4.032404964203482,0.026343650575089115,0.0017771387938410044,0.0017459134105592966
S-budget-2048-seed-43102,S,43102,1,74002,28,10,stage2-v2-unit-38387-f85b3e495b0a,f85b3e495b0a833b3de0f6871975d38d841d6752fa3f4b490689e96ddbb90d38,3e5906c9a1f39cbdc2882a4c0d40f55170cb082d62b36ed65a7ddd2aaf0c038a,stage2-v2-unit-22772-931d759da171,931d759da171f2bb2f7c05f5ec24473b5062d4a8a791a9b47b4e86d181188ec2,9f12f2dd3902458890024d11512e6869a88ddf80f37cf298870d4df6b47fc2a1,6.628697155974805e-05,-4.178571822058562,0.025313267949257232,0.001251094276085496,0.0013675708323717117
S-budget-2048-seed-43102,S,43102,1,74002,29,8,stage2-v2-unit-15123-619918aa58bb,619918aa58bb2cfa8a1c6a395c4b9f10abd7d5b6e3242a274f5ebb9fb3160d56,0eb1bede2139dc5c3fe7148397ffaac97e1eec991fe0fef4bbf3e2282e71f8d3,stage2-v2-unit-23842-99e5a1ae2c16,99e5a1ae2c169749e51595951756716a9009aa36025c29b59c27098864a3ed69,802d5bac7eddd264a1857dd35c5461108057d7af233578c1bc304bd8555a53c5,9.41189646255225e-05,-4.026322859012969,0.022435632916394527,0.002035238780081272,0.0021598273888230324
S-budget-2048-seed-43102,S,43102,1,74002,30,0,stage2-v2-unit-07531-30f1382db1ba,30f1382db1baebc41925b4b4c22a7576befdc6f04f65041c500d5a088c340ec7,52e3dc63fb0ed2e215648ffc3b929fbcc8031aa44a63ff0627d5024bf8b525a0,stage2-v2-unit-24938-a0e7cc180b64,a0e7cc180b64cacf823a7f297a83ea544398956f0f4eea43d90d2005e970efb8,9b3e56f2105ba55f9fdd06e0029691da26962455c184647616aea67a48333e37,0.00012292807514313608,-3.910348918681564,0.03480077069989174,0.001803599065169692,0.001728738658130169
S-budget-2048-seed-43102,S,43102,1,74002,31,9,stage2-v2-unit-24567-9e91da36cf4f,9e91da36cf4f991865b41936ef87c2baf8500570c4735fad43ee7038a2e8712d,6fbe0f89d7cf1eff782d13c2d116953976470411f7d7721a121e0ddcaada1310,stage2-v2-unit-10903-46c50d0a9924,46c50d0a99245a068e408eb7285f81b98850a7415f15d0c1d411616ec5bbbeca,792614aa58b9d3fa99bdcb9d59a862ad0ecd1acca53d10117c69133a273a8adf,8.41012952150777e-05,-4.075197315730867,0.029524741229000662,0.001438349368982017,0.0014101529959589243
S-budget-2048-seed-43102,S,43102,1,74002,32,6,stage2-v2-unit-16669-6bb95ddb0eaa,6bb95ddb0eaa073c70360ac8273b4d74b6d48ebbb7e2f134482a2938e8a85a2f,9a6cf426a46adfb375afaac85e24aaa308602fb3de3ab798c2116891de769b0c,stage2-v2-unit-15826-663966927a12,663966927a12af4f692fa1bb978079fe464060a289cdad693b2f33ab2e6c8f51,82030ac00fc37109d112183f067c4813fcf791ae15726084aa369fa5c1153c47,0.00010897289757849649,-3.9626815011023457,0.030444868112847946,0.0016834009438753128,0.001895950990729034
S-budget-2048-seed-43102,S,43102,2,74003,0,8,stage2-v2-unit-18363-76941e7d22ef,76941e7d22efbcf94b266288eeadb1ccaf5c9d6014ecc40f64ed841609043b63,a7f8a89394af85a65b97d0a1a9f793e4b27fe7516c7a3b5ad7c7b84b74920f28,stage2-v2-unit-27998-b5117736834b,b5117736834bf5e648192b023696be7a32320e8f9e3f0a628cae03dd60d39462,4b285a773b542ecc9dfa922cb1898f7b1c2fadca6faf56a2e107f76c29600a22,0.0001112734607886523,-3.9536084044650592,0.021448703644188282,0.002710970351472497,0.002476917114108801
S-budget-2048-seed-43102,S,43102,2,74003,1,0,stage2-v2-unit-02223-0e4bc50e1adb,0e4bc50e1adb31c162e1d0b8ef7054b15d7482d61b7f152523c5a2ebf6363722,93497e7f10798a04a61bae4a32e2b20b068591c4b2f209d51cdac7080c89c453,stage2-v2-unit-21142-88a80007d980,88a80007d9801fd78ca00220dec6981d39c0831f2e0bcc5e9c7bba625e4e34e1,5c3d7a7e85f9ae5bfa51d1af4213b7b50f79cecdcb8dc7a1861b353ce89b3a56,7.7292017522268e-05,-4.111865356340952,0.02038636702373205,0.0018150631804019213,0.001976294908672571
S-budget-2048-seed-43102,S,43102,2,74003,2,9,stage2-v2-unit-22574-91e126a2385b,91e126a2385b321b475cc2562a6a82af0683436826aa9fb2134b064cef1ae71a,4480ea2f6ef7d4372fb149ced2181846ffcda63b03d6ea332bff22b0c6cf54fa,stage2-v2-unit-14305-5c9a28c3bbc7,5c9a28c3bbc75bd566bbab1011aba584b37c018562feceb1e6d7ec5d3fa44f43,9e681fbeea5df61ccaf5b273c309a6218bd6e9858f37319d2288f633416fccef,7.895384624134749e-05,-4.102626708458653,0.020463462278508083,0.0020075852517038584,0.001850698608905077
S-budget-2048-seed-43102,S,43102,2,74003,3,1,stage2-v2-unit-22295-900220e96afe,900220e96afed50d0f2b30ad605e26100aa20a60a2f31a0e6f492b899e258bb0,5f64c034a76f82d983e8b82ae4e4c868962483b83a5ae1754d66ba57a6398719,stage2-v2-unit-25014-a165a6de1bf6,a165a6de1bf69ce339e7d5bf457cf980fd0d8e65527b98a051eb732b46e3d32b,59133d8e70383df23b002e58c47c04f8e59559d48f56e595a0ffc77dffb23665,0.00011457031359896064,-3.9409278981655365,0.02382308245598891,0.002334926975890994,0.002474287524819374
S-budget-2048-seed-43102,S,43102,2,74003,4,14,stage2-v2-unit-17870-7375bb1cf903,7375bb1cf903e48a03314baf085a7f174f3cbdb5077b342fc61e63e6279f99c1,20be1cc27a54bbd8d350ec355183dd08f476703ac76c3c65d22d2b0e36ce1272,stage2-v2-unit-04070-1a7991614fea,1a7991614fea155bc101fde82fe9ed598a71eece7c8840dbf9c59e7c32f1f2b2,cd564168db68a078c2b7ade7126bdf0ef27599141a6e2c77c6eebf498d2b0ba2,0.00012852923828177154,-3.890998066262425,0.03138475515230276,0.002037375932559371,0.0020579001866281033
S-budget-2048-seed-43102,S,43102,2,74003,5,15,stage2-v2-unit-10969-47434e0d1410,47434e0d1410422f982c5d0e9ad62102d0786370ddd5c0d90f2f7e55da09d204,96f1fba36045fc7d3f5f0af951afc544d6c4c7732e91d22b9ebcc15d56d48abe,stage2-v2-unit-33406-d8d23a3ce288,d8d23a3ce288485b5600b9e686aa161ba4cc677243cdf552cd23e8a0f2f12c4b,23f3312bf8fb6eb5896719b417a33f15284b51d275db43ee0d9886ebbd9bf4df,0.00012116787547711283,-3.9166125068388746,0.03566866853913697,0.0017091946210712194,0.0016878448659554124
S-budget-2048-seed-43102,S,43102,2,74003,6,0,stage2-v2-unit-09522-3dc02d2a220a,3dc02d2a220ab2715ee55557e40d710d2accf8a544f23cf658f3d2a0ca03c6e3,1f5729b31c0b3604bc85b14125e98a5f64640bb7ad8190fe753c70839ccc8f61,stage2-v2-unit-36891-eebf1e016cd2,eebf1e016cd235890503bdc872532850b0958050bf9c0262b3e3b87d7f99be66,c6d66db9cc5ae758343c029ba274962b65aceeb3ba013c0863446f6d729d0c03,8.909350435715169e-05,-4.050153958417454,0.023514834220787262,0.0019399943994358182,0.0018488268833607435
S-budget-2048-seed-43102,S,43102,2,74003,7,13,stage2-v2-unit-30221-c38fc07fd29e,c38fc07fd29e41b8f45bb6a83f2e01597f3fc7db2c437a8326796818c91ecd5a,02febd325faf25b1c3791d11721bd85e90a38866e8dced4139ae5fbb9588f25d,stage2-v2-unit-22173-8f42c2904e17,8f42c2904e17c436847bb719fe5621959b060d31b90a95706b561295d862abaa,15ede2f515d7c19f8f2ac19c6a985d54644332d9a7ec52bc7f7be7b15a7c5b72,6.117701559560373e-05,-4.213411713065212,0.020187846526492925,0.0015582566848024726,0.0014721316983923316
S-budget-2048-seed-43102,S,43102,2,74003,8,9,stage2-v2-unit-26211-a919cd7eacea,a919cd7eacea7de2361267014b43618a4332c333f8c44a9c3b5fb2669c1911c8,d2f8000b420358841068e3f0ec9dbd6c6974bc00de581a4880debdfef4438f5e,stage2-v2-unit-03697-17ef6a39445d,17ef6a39445d639bbfe56d98ce0171ebec31ea09b2dc36f839f3c8757bfa6ac8,367ef37279aa2885635550cae63f37f4250694b7a8aa2738e31b1006a1db5158,0.000132548448164016,-3.877625352485772,0.043206461260159756,0.001414380269125104,0.001653412007726729
S-budget-2048-seed-43102,S,43102,2,74003,9,1,stage2-v2-unit-06046-26f775cbe2ad,26f775cbe2ad5c16d4b364f8c9777927200f376ae22ea98d25529fb38c533425,a2d30a93399637988bdf83cfdae299d550dc3f0f6a3252d636d2ea49cbc404d1,stage2-v2-unit-01963-0cdc5e982919,0cdc5e982919966002dab05a897c9d61379283e81df4e6775c158f7acf5fa9b9,426abee6e8caafcdb61c7fd97563fbd962c1388126422b166da143bb1f6e1986,4.5385953853838146e-05,-4.3430785327732675,0.00993398637951898,0.0023124071303755045,0.0022563482634723186
S-budget-2048-seed-43102,S,43102,2,74003,10,10,stage2-v2-unit-37797-f46e1470f916,f46e1470f91627010ea3ad538397de86bf8fc9bb65cbff2cb7b343c49941713c,fa6421ef7576747a3825429820d3fc55fc29bbdf73499e6feea8926a8208301b,stage2-v2-unit-04880-1fa1f9dc2aa3,1fa1f9dc2aa377dba0d520dcd7d1435dd859b9fd21208eb855a298ff98d7dfbf,16c57ef72bc4112af1ff76c686b142877c3ba3fd5419ce733d96cc347fed7f55,7.151894533308223e-05,-4.145578898566164,0.023236639774117718,0.0014815846225246787,0.0015962676843628287
S-budget-2048-seed-43102,S,43102,2,74003,11,15,stage2-v2-unit-11633-4bbfb8182040,4bbfb81820408f9254dd7594182a5d2308ad287ed014fbaac77927f498e1006c,efe59fee291e35ac27ccd5b19fbc0f7efeb5bed4e2977027cae29c3cf9122fba,stage2-v2-unit-24934-a0df3dc6b124,a0df3dc6b1248a98c102d5e9a1d324373694311b0bb10ca347aeec8786dc38bf,004aa72b033bd140fddfacd28161371405fbec73699864b1820d2a388821895e,0.0001081816153600812,-3.965846537991645,0.03126094358246626,0.001728093484416604,0.0017325063236057758
S-budget-2048-seed-43102,S,43102,2,74003,12,14,stage2-v2-unit-30651-c68d82c86943,c68d82c8694371e68a7d395c7c0925356d928d752e9ca57bd36154296bf661e8,67ff69512c4cc75cfdedd6368a5fc1088329caef002b3be9b27a019868cd1dd2,stage2-v2-unit-31986-cf4cf9a153d7,cf4cf9a153d784a54ad28f098bdc887c124ed01c0666777318dfa7fa1b58beee,e5b24750e65c91a0c26e56afcb597f4c235785a195c75beaa136fe7f263d2037,8.906371658667922e-05,-4.05029918592377,0.030973120460972083,0.0014208226930350065,0.0014546937309205532
S-budget-2048-seed-43102,S,43102,2,74003,13,11,stage2-v2-unit-09092-3af1784819e9,3af1784819e95697737100a524b941a26144a841fa383d0ca621685eca2b7878,06351b6c0d2a8496ecdd19c2674b0fb80151e7100e43f3e4ccdabd59589aafb9,stage2-v2-unit-07856-3324ebc86899,3324ebc868994c12405749c9f83ee2ac7d788254762da429326f71186280d36d,d0b0561805bf2948d762fbf4a421bad3d706e0b44ec3a194c7e1efbbf7ec4bb7,0.00010361654858570546,-3.9845708779352798,0.042908416888686844,0.001150219002738595,0.0012646113755181432
S-budget-2048-seed-43102,S,43102,2,74003,14,9,stage2-v2-unit-09931-407dd1b41370,407dd1b413709b299b305afe83ecf49ca01e8673b686cf15d07879c35b5e66e2,1db429ab110f93f5c28b64c33f7f835e620ce5394e05298a709fff6315cd72bd,stage2-v2-unit-21633-8bc3c7692a0e,8bc3c7692a0eb4bcbb4e1cab1d8ed62e547f47b986eee525c9ee437cf25e6996,d1553fad48463e6c0c5942e5650adc28aca28ce7bffcd207cc1ffff59189fb89,6.126874359324574e-05,-4.212761025431308,0.014827483539292792,0.002055344171822071,0.002076762495562434
S-budget-2048-seed-43102,S,43102,2,74003,15,3,stage2-v2-unit-00150-0106444f6029,0106444f6029862ac4a153e9e235bdcf8b729a17f60991c2e6050d2be1d91803,ebcda1e92425c6d5c05ee8d16eaf052aa34e43968926f0c56e762f2f3aae50a4,stage2-v2-unit-39015-fc7881abd1e7,fc7881abd1e745004882677bf49d32ca2ab966245025258c3bb88242a11d3531,6c8573266a261f847c3bba17e02f880f2ce6d816c048804cb6f0743e0c42bac6,0.00014262154581956565,-3.8458148607133817,0.024875205674141337,0.0029027070850133896,0.002830774988979101
S-budget-2048-seed-43102,S,43102,2,74003,16,12,stage2-v2-unit-22613-9224e1590508,9224e1590508e1d5a01a3a815a041896b9d8b14c6df1771752422ed2ccdfa581,1272ac3ebe787b1466e5e8c44ba69bac663f328b4f7f120072f3ed2815e31de9,stage2-v2-unit-18956-7a7b0647e04f,7a7b0647e04f07058f618befcc3114dce82a4a8057c459ac622c945273ee6a48,fdb1922948c04dfba365d26d4de92aba6d426c5c28f9183d9ff8c3010dacb7dd,6.875000690342858e-05,-4.16272725388867,0.018145440053713824,0.00188076205085963,0.001908069010823965
S-budget-2048-seed-43102,S,43102,2,74003,17,13,stage2-v2-unit-09032-3a9415511896,3a9415511896f0512dab5ba8b0e047bd098e251f09319f2451abcb2ea7f20be8,79c2a2b0d5f81dc7ef32c37172efc4d4fcad720d6b9de7769e3070e9ca377239,stage2-v2-unit-28925-baf71dfc3fb0,baf71dfc3fb02a3b9363d7ee8e8574db21d009cf43ccf576f4c84d3b4bed7053,031d9a8435a7153bd46cc515f4e00b2c94ff4f6d0aa3fc9027b6d50f611a62ce,0.00013526491238735616,-3.868814844442971,0.03706201765088631,0.001758564030751586,0.0018911269726231694
S-budget-2048-seed-43102,S,43102,2,74003,18,6,stage2-v2-unit-00180-0141e682f812,0141e682f812373b625356038adf5e766f4f2a879f82434578921ec20d6ea770,4839f3ef8446f29595666ee85fed7af9359edccec1cfea5799cdc150b1821227,stage2-v2-unit-01477-09a62bdc6eb3,09a62bdc6eb32d394fda18241560ae91de42a56791c682d6dd7ab016c0f26317,b12d83779c120b84a48930bd01c7d0e9bf6620a60f41431ade636885939ef097,0.00033181507023982704,-3.4791038932562985,0.0829612678565233,0.0021119331941008568,0.0018877051770687103
S-budget-2048-seed-43102,S,43102,2,74003,19,14,stage2-v2-unit-11447-4a72b60dd1c6,4a72b60dd1c66a1fedc695dd506f3271080ccfae4a67cf49deaacaa8eb8af1ee,282c90fa4edd104686bc5511f2298fe86278f817a71843e7bb9900dd5ae43131,stage2-v2-unit-34935-e28a0d9063af,e28a0d9063af0f18a8704ad56065a543b73e3e46ca8936c18dcaf574f9f22cfd,e547ef04f9b4b13c1c112d38799a4884fec89d5b1e086b892ea3e44fbde104e1,0.00017243128968402743,-3.7633839235223103,0.04723712113234368,0.001963043352589011,0.0016872910782694817
S-budget-2048-seed-43102,S,43102,2,74003,20,0,stage2-v2-unit-11743-4c6da8385eab,4c6da8385eabf0eebf2c429b5ec0714a71f08caccba2442821b6bb31e1d2305c,d8a157459897131fbdcddb6ce1f7a81e986dfb446299ded22d9faeea054b1737,stage2-v2-unit-36438-ebd6dfba022d,ebd6dfba022d3bff181794a529763f092becf650c5ae69c0e9951672497f5fea,ffb8cc4c8fcdb60a15d2000a81fb763cbdc2fa23ab9ff3804e1d2eb6ca7ecb0c,5.4214338888414204e-05,-4.2658858338208745,0.013812532429363677,0.001974330749362707,0.0019506800454109907
S-budget-2048-seed-43102,S,43102,2,74003,21,7,stage2-v2-unit-33737-daf67da6e03f,daf67da6e03f5dce354dcdbbdc54a222bee3de944cc68ca780809efe6818558d,a6717bd83554318bf97fd8c5723091a9f4094204144c46ed13838a43c44c865c,stage2-v2-unit-10650-4531c3aa8183,4531c3aa8183b3194bf81f065e220f05496f16e66ef92753c3b540dcad155c4e,999621b8bcf3a4a8f501f46eeaf462b8adb73178dbc05dd1e871a208b6120349,5.326018435880542e-05,-4.273597334594912,0.013417704560593905,0.0019498664187267423,0.0020195296965539455
S-budget-2048-seed-43102,S,43102,2,74003,22,7,stage2-v2-unit-35812-e7b1300124d1,e7b1300124d12c79f0911a7ca28a238284134e86eca916c7659e29774991e131,caa376104e9efbb400b39e7aafdf7cc10adfcb79e7366c8160d7b6735fe73c08,stage2-v2-unit-05180-218d4c70c6d8,218d4c70c6d8784fa812354c2fdefa488ad8cb7614ab81b57183c91919ba67b6,ddfe7a9390990995aa91fa47f2553c06961309f04f06388148c0e5ae0412448c,0.00011156016262248158,-3.952490861329662,0.04457538458060546,0.0011858721263706684,0.0013168581062927842
S-budget-2048-seed-43102,S,43102,2,74003,23,1,stage2-v2-unit-06387-293b7ad0eadb,293b7ad0eadbc8c5abf5c17ed967fecf1b6e3b6f4b1946bdfe9620d7d9481120,c2306b4047828c167f689d24f44f2fc010ecc88b929e3d63e528a6a52e67062a,stage2-v2-unit-15555-647cd77a2264,647cd77a226498b57bea68fc353355a6c962c09381a1cc926343c1d807ca265f,86d7eb240f3ab6e704bd1dd99e630f704f9860c7c0db499f70f44e205a40b800,8.000984962563962e-05,-4.096856545823636,0.03336049344723066,0.0011811167933046818,0.0012172245187684894
S-budget-2048-seed-43102,S,43102,2,74003,24,11,stage2-v2-unit-36288-ead3eb363fdf,ead3eb363fdfcf7f01312b4b89dc289fffda08786c3f53a7e988453ebec0fb4c,67c8ab5bba84130a5eb8c556f20e656f05e7358082b708034cacea615c92ef17,stage2-v2-unit-35952-e89991c5882d,e89991c5882d9cda66969ce03c9df2ef690e103fc79f7d9a58c399e7bfa2469f,9c06f0c6534216aae55c4a4681e04736271700c803c6b90e72b5fdfca08de088,6.928577204234898e-05,-4.159355939383867,0.0202535362851431,0.0016711978241801262,0.0017497243825346231
S-budget-2048-seed-43102,S,43102,2,74003,25,14,stage2-v2-unit-35069-e34da40759bc,e34da40759bc8377bfa9e8f024787f12b171be6e1f55e04c7f67ef7cae6659a2,725e2f613e9a821ab4ee9622bf4b07392e8417a45d054b7eb2c141b55b27d195,stage2-v2-unit-37985-f59733604011,f597336040112f7981dbec2dbfed3ae537574abf20d1158210712001e8fe3005,b455404dc0a4612773a524afb8ebfbc14123128dac076d61ce976480926e75ea,7.511037983931601e-05,-4.124300041751628,0.017706046529957286,0.0020921495743095875,0.0021499255672097206
S-budget-2048-seed-43102,S,43102,2,74003,26,6,stage2-v2-unit-01323-0887badd5d81,0887badd5d81521f3380b7ad1d929bf2105d146b6a981ce3914dae11a2e5d9da,cf90641a6828a31408325483aac07c71624d6bfc66be246bb53f803299e75ea9,stage2-v2-unit-28087-b5bccb081761,b5bccb0817619895899725459e7e465de44ddfb6138b5666522895b4b6f1ac4b,ff8e6b42436b854ae9abd40e087932b1ded662915995ef1219f413ea629dffe0,6.306001159828156e-05,-4.200245953710708,0.02122407093009451,0.0014078565873205662,0.001563298748806119
S-budget-2048-seed-43102,S,43102,2,74003,27,0,stage2-v2-unit-01095-07151be67227,07151be67227722f1ddc44c567b2a45ac5178ebf65021d9c0097bbc0300e4a4a,3813ec739d320e99081de1a944cacd900cc2d6bbb2895aae9deb2e2fdaee1623,stage2-v2-unit-30516-c595c6b4be95,c595c6b4be951f1d38ed5c9b0d59171a9020a9d2eb8376db67e30f7ce554b83f,89d1204243515d1c18824e836c00d9b80945c06d5c73dc003b393d771b556e8c,0.00031514346483163536,-3.501491694462487,0.04872255769486761,0.0031787026673555374,0.0032894196920096874
S-budget-2048-seed-43102,S,43102,2,74003,28,10,stage2-v2-unit-01910-0c7e479ca5f5,0c7e479ca5f5a914740556bc5d6dd8c5db76479f9acc53ca5524cb0064370618,9c5d68971aa678e857a7a58e79737dc21a06eaa523d139a9fe47e5fcb69c5c7f,stage2-v2-unit-16230-68c776ba3339,68c776ba3339abe2f2553854ba25b735622f8644fb76044a25336ace3e6dd99c,f1c9d9e872ef2867cb859416ce051d52e73409c2e2c5ea099fc98be49b00215a,0.00010517408372834325,-3.9780912628475273,0.035143225686992775,0.0015558410668745637,0.0014368860283866525
S-budget-2048-seed-43102,S,43102,2,74003,29,11,stage2-v2-unit-19216-7bfdaba0e7c6,7bfdaba0e7c64ffa173398d8c97963913f585cdef317266710dcfa0f7ef97fd0,83d9636634c5f3271589f6eb7e4660f0af823198cd891ce385108cb7b3416ea2,stage2-v2-unit-30332-c46363803a5e,c46363803a5e26227a75b99f5bc5806aa912447979f851e2c59bd6246ad86790,5b548806dd76c70dfe559ea5dda3b103e09ee72da4336fd33df7eba061a47804,6.595910235773772e-05,-4.180725263332763,0.02337331610332231,0.0014459313824772835,0.001376051688566804
S-budget-2048-seed-43102,S,43102,2,74003,30,10,stage2-v2-unit-20882-86f331e80e83,86f331e80e833ab37dcafc5709b5ab26fce5ca6b8337998b39a09bf97497a358,d183d744be9d29b1455b99fb236f38ae042e1620f8a1383847a53b4dd7f2be7e,stage2-v2-unit-27149-af9556df1849,af9556df1849aaed2ed1bbce7b59530303bb43f4608ab82d9b9f14faa53472de,18a7a872c087f2b6e141ee51c9cb867987889b39a9e2181468760d3270aa0e39,7.215219375211746e-05,-4.1417504598587005,0.02411486377910508,0.0015039907302707434,0.0014880308881402016
S-budget-2048-seed-43102,S,43102,2,74003,31,5,stage2-v2-unit-23594-986e068ac378,986e068ac378680d680a1fd61b7ce1aacadb2fa6b876431494e1fc034c44e8cf,7875bfcd153b951683f20afaa11bb4e9217626fee79d43a9705633e32cb16c28,stage2-v2-unit-15694-654cd154611c,654cd154611c68dec5251c5f3246f014ec64ce77298164623962420c3a83f7bd,041f0b713b8d78534e6a4a6a801227a7c7e6058f96d4f35617fa5396a8194187,7.270897185662761e-05,-4.138411996466714,0.02201134660534537,0.0016192238545045257,0.001684025744907558
S-budget-2048-seed-43102,S,43102,2,74003,32,6,stage2-v2-unit-37972-f5860ec30893,f5860ec308939cc09546870a34f458d727e216b9a3feb0f5e8051469b5a911f7,b0de9507aca5af066404174d423e0fc0ebb9e162d470b6861dee2982c85b5184,stage2-v2-unit-14917-6064341c50e2,6064341c50e23f45e6540f260fd3456fe2b1b1452b33b858ff8dba4758dccdd8,abbe7bfb8f698d98811c10ef7cf4d7508ba7d2b4409ffe8651b8d2251b573097,7.127557182684541e-05,-4.147059289763892,0.02958335642573245,0.0012625957606360316,0.0011467174626886845
S-budget-2048-seed-43103,S,43103,0,74001,0,3,stage2-v2-unit-31452-cbb76b4a2d02,cbb76b4a2d02bb0ee7fbf58a68d2a0229ab6be5d4e00c04a70c68d85cfefe886,a58aafa2e5d5a68debd39a0a4eab0462bafdba1990f0d0f25ed16195476ff6d2,stage2-v2-unit-27886-b43ac5dd6c5d,b43ac5dd6c5ddb4c7e1b8c3ceb18e8d8207b439761935ec542f7f69536d88bae,ed42fd846b2268ec62df794c2d89ea4b4fa1f7591096a105ba277b32b24f984e,0.00011624344188021496,-3.9346315393891924,0.03966254317693248,0.0014897221699357033,0.0014410894364118576
S-budget-2048-seed-43103,S,43103,0,74001,1,0,stage2-v2-unit-08447-36dd461ee443,36dd461ee443b9f5c8d5e208fbb5004b907221f57c6afa81f308950fb4d85f5d,bd607acab2474a4620c15544b5b40ea231e233db04f3dbb0152c9ee88bf3b5aa,stage2-v2-unit-38893-fbaa13e3bbf6,fbaa13e3bbf65868ff922abed5f31da16531be5da5bfa6d7e5d78e0024ace529,d6ede050c0b92bb4ba9fb56aa5c805d66218b47858846dd88bcb81e2fb40e9f1,0.00012657916522584856,-3.89763777277115,0.027039475798016445,0.0021632076241075993,0.0025180652737617493
S-budget-2048-seed-43103,S,43103,0,74001,2,12,stage2-v2-unit-23023-949efb85bc5e,949efb85bc5eb2cc501a029988c53f9788d848236f0d5a9af6104415a2eb81ed,4734080bbf4bbc58dd244a98cd3fa08fd08748d22e1f2432d50fcff27eb15554,stage2-v2-unit-14984-60c0c49e2c76,60c0c49e2c76132b854b3ba3e81dee88c1d4b62d03e98224015e420e1c903aae,6b13067fa25419e939e2f3809293a0fdfc8a249246ec740db9b58168d6258279,7.51814732211642e-05,-4.123889168306252,0.022261451030311446,0.0016168586444109678,0.001760345883667469
S-budget-2048-seed-43103,S,43103,0,74001,3,12,stage2-v2-unit-39496-ff791792deec,ff791792deecb8c78b6d410daed0ee14ac38656e31acad7f12336d75853e0b8d,b2b14fd6d64667caa7dd93e2343af34882fa3638963c851be9d165899699e6ce,stage2-v2-unit-18368-769da613f002,769da613f002b6313e38cf93915a15676f9d41cc0fac2f02ca4f47374e7ab2f1,6da7e9dd6dd7c592e0f58837a2f38e9533dc0af33386120d3d724ca433a4d4a1,8.790600986685604e-05,-4.055981432516787,0.02695351986170054,0.0016090458957478404,0.0016523466911166906
S-budget-2048-seed-43103,S,43103,0,74001,4,5,stage2-v2-unit-38819-fb42bb0a229e,fb42bb0a229e8538395b160536c7d178fb6a393c010a846d96055baaad7ad51d,a21e4950777c019de47b41c5c914e79df5ae5c7480a9365ec9aa82dff7d9d732,stage2-v2-unit-16287-691dbc1426b0,691dbc1426b012ba90d0a258f372ae440cacc823f63bc61891fef4bbc6f8cefb,f659d49fdf52de32a1da5f431acd1e83686b5af31463e45f9681d612c1d5938a,8.50036449264735e-05,-4.07056245149141,0.024601655245710705,0.0016861814074218273,0.0017690188251435757
S-budget-2048-seed-43103,S,43103,0,74001,5,10,stage2-v2-unit-03704-17f68cfd7dab,17f68cfd7dab665eeaaed7593562f9c840cfd9c6ed619568ad64b4167db83239,51aef2eafd9296aa301c5202b4bfdaad5f9915c053d3ec408b830ccd21f07e8c,stage2-v2-unit-33841-db9d0f8314ee,db9d0f8314ee732861ddc20b991322891e1f3efb9509c1598657f84a50d680be,5aebb70acb69ff0e7501e08f399eab838256afabf929692b3c6fcf612a79df9b,0.000223343085963279,-3.651027487447674,0.09655322302643154,0.001056398032233119,0.0012567623052746058
S-budget-2048-seed-43103,S,43103,0,74001,6,0,stage2-v2-unit-17366-701efd168d66,701efd168d66d9c6ffe81782f140bddcfabcb5b147db2ea78faeaa35c221a4f6,bc152b88377ae7e3a3064a2f1031c8bca8ef3636c1055382df7f4accd18bc832,stage2-v2-unit-18338-7675e5102bd0,7675e5102bd0db2a89259c9b2fdc50dc6d2d1bc4581ff6d5f34ae6a9a073f4ae,accc22b95e289d974db4a9038add9a038df92aeb448951c2a19215ae89065c2b,7.922363874968141e-05,-4.101145214284469,0.03277644908298787,0.0012310214806348085,0.001186068868264556
S-budget-2048-seed-43103,S,43103,0,74001,7,4,stage2-v2-unit-12482-50fea7f8b45c,50fea7f8b45c0d77c60897a8dd57749105ac6fb2bcadebb620a6947e4b61a936,b2b4114e2c9b93e978520fb57861c0e34c43b823efb935862784330da6b2474c,stage2-v2-unit-07349-2fc9791d29c7,2fc9791d29c7291b859a7851afed1e55e4e26f926e495ea097b1bccec0837d84,47859b86107478fd787fc6896bb18e28f2f7468dd4617ddfd5c87fb61892a163,7.704897871008143e-05,-4.113233113512929,0.01276401220346645,0.003052773419767618,0.0029836497269570827
S-budget-2048-seed-43103,S,43103,0,74001,8,8,stage2-v2-unit-38315-f7e125a2cb11,f7e125a2cb11d65bec69afa43dad799c2da893d63a57d3ac35175479a5c39a93,2100e9db98b6cfa4cbbd8f583a62aa3f519bf3dab970ef3ae843839006a51358,stage2-v2-unit-35802-e7a273a87bb1,e7a273a87bb1a2b978464a1f687da7c420209b45fd1306dbdec732d39bd1b4ce,34bd30073bc74cd8a70ec4a7c1ac2d9e37d0d20d508353c3fb9a057b24e97657,0.00015568356320727617,-3.807757237047789,0.03678930013153305,0.001950211706571281,0.002281550318002701
S-budget-2048-seed-43103,S,43103,0,74001,9,8,stage2-v2-unit-01384-090741b51363,090741b51363f94e98710aa8fe2f6c710a0a96603802c3e07fc2d8e03be3c06d,0fa70e894098eef57eb0e699471df345af7a391a3193859b8bf0a7394078ae78,stage2-v2-unit-29238-bd22d2bfb84a,bd22d2bfb84af40b416241e21ff3f5b09d0fd2c94c11d308dd74772785acf83d,58e95c9cecc9b4ce72c633e187981a48b1ea08f36b7dde2be55dde0ce7f199ef,6.0996273532509804e-05,-4.214696696689286,0.012159663717720278,0.0025065497029572725,0.0025097299367189407
S-budget-2048-seed-43103,S,43103,0,74001,10,15,stage2-v2-unit-10128-41ca69e8c3de,41ca69e8c3deee34e7a5d7d4c7a6c4a982f9eb6159e2986cf713c2d81aa57b5d,36252b479049acd3ff03e90db0df26cf1ad4bef01d0c4025ebc82dcf06826379,stage2-v2-unit-17985-74311e7a32ce,74311e7a32ce29c162b81064e6b148f87b1d9273977eb9254ccdca9863194895,c18fe62cf2ffe94307d852ba3f504795ff1aa73b50758d8215df00e2f2b9cfa3,8.714380237506703e-05,-4.0597634942684975,0.022671064023593476,0.0019480126211419702,0.001895821187645197
S-budget-2048-seed-43103,S,43103,0,74001,11,5,stage2-v2-unit-19923-80960b1d3cb6,80960b1d3cb69c1a669b647663f3f68ce32fd1498beccfc1a209e7270ec54e21,3ef2bf6f7100da75d8e57c35d81b036dce9014397c26e06b49f5e0b47483d181,stage2-v2-unit-28651-b937f6e4482a,b937f6e4482a852cecda1249eb9a8e6d841e6425108b5107ea7b68bfd5e8f263,34dccf2742e389e6a107211e1f7aea5d4c2c0d705f099710cc4b978c5b541f3b,0.00015061619342304766,-3.822128332675824,0.03683086619131517,0.0019511422142386436,0.002138259122148156
S-budget-2048-seed-43103,S,43103,0,74001,12,13,stage2-v2-unit-02348-0f0c33992460,0f0c33992460cb4118b599a511838aa39a085a0c4d00338d290b3a0089926a9b,d6ed86dc46e2f3c1be278f524d148748dbcb84c402ad6bae1d16df1b54fdf8a1,stage2-v2-unit-19095-7b418cd2bb6e,7b418cd2bb6e75040114d7587a72e017523eb6715d2e5f1c0cd4859e75256f67,170a06b5b8e8f7db564ba8db9bfb1fc423410e8188dc0f5d77230cffcd398d3f,6.485189078375697e-05,-4.188077357359679,0.02001185465119934,0.0015821745619177818,0.0016584991244599223
S-budget-2048-seed-43103,S,43103,0,74001,13,3,stage2-v2-unit-16117-680a3557c171,680a3557c17135a879afe2d567f52e5feb8840226450bdeb0d4f52e110916817,66e90458ed79c8830ded9e7bd48eb60fef1330df2ded6bf1ed61540aa129e029,stage2-v2-unit-06859-2c7b28567f5f,2c7b28567f5f594519bd4ce6ecacbbdae150d134b7600edeb943c15710d1d95b,e00ddeae49475a2f4ccebd983ef06a62c8d4c2c8f15db1836feeec05a8583f32,9.204829257214442e-05,-4.035984262927194,0.02266278744019549,0.0021368064917623997,0.001924842712469399
S-budget-2048-seed-43103,S,43103,0,74001,14,9,stage2-v2-unit-11024-47a62e49c0ab,47a62e49c0aba7374583d6f1339832c4b53353059b343b0f9b12dd80c02d6fee,4fa5ba864a436008936bf525ecb0dc56bf46c5189ace8dc06a40e8465d8e4c2f,stage2-v2-unit-08327-362a00336e02,362a00336e028f29ff51259fae5f1da7464758beb3eceb2dd05dcda5f11a1556,30b68aa45e5a46d674d2e6de7aaf72eb95e80cf3de42b7525d166ee8a06fa89e,6.85393824824132e-05,-4.164059812740826,0.015441405903305314,0.002308890223503113,0.0021297847852110863
S-budget-2048-seed-43103,S,43103,0,74001,15,13,stage2-v2-unit-25886-a6ee5dc61a9d,a6ee5dc61a9dbf4e6241a9e9b50ebf59cd8f2c93484c93d57052bc43a1721b7d,5d4624ff6548ba5145103df90937950690a7334c4965511b0bd2665c4c870385,stage2-v2-unit-15593-64b51e99d2df,64b51e99d2df21f45521562e69343a4c32e3449d39239c444235ddeba3e61d6a,4f968c12fb99971bad88521f942ccc7418558e0711f426f2ba030c87ff502fc6,7.691891369177029e-05,-4.113966857831909,0.023667479649780793,0.001608347287401557,0.0016416360158473253
S-budget-2048-seed-43103,S,43103,0,74001,16,13,stage2-v2-unit-09705-3ef776548df9,3ef776548df96eacf549ca4e8f7314c77774cdf6e1bd0ba9849e9850f19bc88f,2a2ce9d4f957896640bd98ffdd63e72f0e91318bf97a01a60bbaa26520675daf,stage2-v2-unit-27216-affec99711f4,affec99711f415a9aacab477068f4b0257f3372abdab6ab65914bd6b32b2e055,a2114cc1eb96b43e6a5f1fea4a85aa7eb9b8bb14bfc7a46ea502ab25350fc6a3,0.0001335552951786667,-3.8743388884641234,0.034886748268375664,0.0020103559363633394,0.0018178969621658325
S-budget-2048-seed-43103,S,43103,0,74001,17,10,stage2-v2-unit-30836-c7d6d8785156,c7d6d87851565560cbf35419bbb247915d22e1be6cef7c9486a48bc72b7a2779,f011ea54a393ad22671e9d096f4cb26d595a1ec018716553f953f57769e924c6,stage2-v2-unit-23719-99219d6596a7,99219d6596a770dc70f12accc0f2896d697b99d8ba2935e680390f2b4d646d74,3dc6110138702c591431a6fba91be44dcdd0aaf66ed1e730a9e7e13f8e0b1a7a,8.807572885416448e-05,-4.055143754209371,0.027509924905968833,0.0015297941863536835,0.0016718041151762009
S-budget-2048-seed-43103,S,43103,0,74001,18,3,stage2-v2-unit-22432-91007531793c,91007531793cc45e740d742e64c144a615396064ec7d6d0a7265559fe2ea273a,5b9f158ff80939c1a411d7cb2a4e90823ad0cacbbc57d95081146327a9f7b83d,stage2-v2-unit-32902-d57397a4bafa,d57397a4bafa3d720ecd477d33fd3d5a08d91dfc86fd1cfba490f5563a518aec,09bb688012b603f1b37ac70340b9d1e8056a63c57d09410d117360952b90e309,0.00011525351874297485,-3.9383458065254806,0.05109299031368908,0.001149690360762179,0.0011060695396736264
S-budget-2048-seed-43103,S,43103,0,74001,19,4,stage2-v2-unit-31921-ced0e669b784,ced0e669b784eef9c9bd2ec4f7a70c9aaa7a60dec9c1006e81221bbcdde22d70,51f67e19570f9c8fb6c8277f22e2435e4aa6b6f9bf401cb373b91cca053d77e1,stage2-v2-unit-02211-0e394ddbd02a,0e394ddbd02a2f96a5eff5e47f99246bd1f52c5dabea16a9c44689fbf8e4b861,1438df18588e6ec30dda68771830c52d17bbe219bab972479077dcec7fe35256,9.694362233858556e-05,-4.013480756716953,0.037092643304706935,0.0012896868865936995,0.0013238670071586967
S-budget-2048-seed-43103,S,43103,0,74001,20,1,stage2-v2-unit-09494-3d921e82f4c2,3d921e82f4c21af957a5798954ab437c70e16cba2738d462280976453d64191a,92920c45834e406e84d1a9857476c23b211a2d7ff09ca388efc240492bec3450,stage2-v2-unit-13468-576f93cd8907,576f93cd89076cc177ff43485313c4d3a11fce239d6e3651eb68055eb5063ee4,93a068cbc9a1012943faeb6192d25e74ec969f488c8f747b601464b4d4a2d56f,4.4591506593860686e-05,-4.350747854083524,0.013597252996404931,0.0016339791473001242,0.001645470503717661
S-budget-2048-seed-43103,S,43103,0,74001,21,15,stage2-v2-unit-39504-ff8b8a75e51b,ff8b8a75e51b606d50ab96ce0365c8b7af41064d3cd6587c9ecdc0b48efa182a,79b5492a4da73396b11290d8cc432ddc040c10be5f81f0fb03aa46c46b642ee3,stage2-v2-unit-32632-d3c42fbf147d,d3c42fbf147d89499c7062963a1f1bdc7e2a6ddb7bd902e42e16f3602895f279,5d1c499576ce73e467565b93bee35d8b55f9c795bd31e395edec713a4a30bcfd,4.7734007239341736e-05,-4.321172105359667,0.01620923557043913,0.0014684137422591448,0.0014764510560780764
S-budget-2048-seed-43103,S,43103,0,74001,22,14,stage2-v2-unit-13686-58d36d70eb84,58d36d70eb84ea179427decb4a40bb40147b445241020222a68d29a5b3beeeb5,4a08e2c6544ca9553f71bb68ac3ae37141c4fbcc2604a797a9f26ba7a12f2fec,stage2-v2-unit-04495-1d4b008d8b81,1d4b008d8b81c8efe60eacbc9905e7e4e0c89278f4508fe7638087e94c2ca5a0,3eda24cf639f9172571a3f03d34a0d1b421c31a25ee7c1961c2c0b7d87951380,8.865672862157226e-05,-4.052288297938684,0.029894523008076625,0.001542218029499054,0.0014234331902116537
S-budget-2048-seed-43103,S,43103,0,74001,23,7,stage2-v2-unit-15570-6493a1aab058,6493a1aab058844d7ece06308edc59d4326f63b0dffe81249b32355404b84958,0cdac294bb2eefa2e36b4241a3ce15bb5a259cdb7be9a7e15f98d01eb989f114,stage2-v2-unit-28295-b72053e31424,b72053e31424d653e8711296e5c5f5db4e2ea9df922b760e7fa7f5725e46a4f5,094697017f50655dc41d82bac2152c27fb90faab6c1c1354076fd606746bac7c,6.214632594492286e-05,-4.206584541503614,0.014211178173613484,0.002179587259888649,0.0021934721153229475
S-budget-2048-seed-43103,S,43103,0,74001,24,13,stage2-v2-unit-02921-12b2599ac2a6,12b2599ac2a62f344c3b6e36e4766e54d8a5adfc8b647f33c7fd81e11ec4f663,f98cf3e6c22cb16064c59f648fb4ef1d45b8da599c8f818b7fe0069ac7cb478e,stage2-v2-unit-07913-337043e5bd3a,337043e5bd3ac88ebb7cef7aa82ef29254186b8a5244f7b2963c7194b698a4a7,bbd4f975a2dfb09284dd98743ba648f15d5ae5f17f3c77ba3b13579e7c5616e4,6.048617069609463e-05,-4.218343909263474,0.007588666384525351,0.003969316370785236,0.004001276567578316
S-budget-2048-seed-43103,S,43103,0,74001,25,13,stage2-v2-unit-20182-823345e564a1,823345e564a11e962fb198dd1430c497eb1db783690a776c3c167f3c61938513,222fdcd0e475ba105e4f317e43e026df948478fd27262e4c06ed45efec7183a3,stage2-v2-unit-09007-3a63e323ae91,3a63e323ae915b4d1ac7760cab22d6a092c647a8937dea1959cbdcbceab27bb4,ab7eddf6c007ef4fdf5018d76c291a6f2db2df846936305745f30a556de81ad5,5.0632421334739774e-05,-4.295571303362283,0.01282223581731536,0.0019835499115288258,0.0019652482587844133
S-budget-2048-seed-43103,S,43103,0,74001,26,5,stage2-v2-unit-25515-a49867491644,a4986749164455f19e5933f871e1b4e682dc24ff77c5a733e8e747a32e2170ed,b03a3f6cf4abca881a002da43052458eeb248a963ac33ddc13730de9667317b8,stage2-v2-unit-02017-0d38d2316076,0d38d2316076e382ae9680cfe115d519bf708bd5c0aaeeb1f0a89d54724f754f,adbb3caa80f7de7f1bfab620e8fe8b10f21bad7f051902bd30612727145a795d,5.454600614029914e-05,-4.263237042962505,0.013792247691301517,0.0019802686292678118,0.001974562183022499
S-budget-2048-seed-43103,S,43103,0,74001,27,10,stage2-v2-unit-13332-5697b6743157,5697b6743157297413a72f2276d97a887b7a15c41de995d787d3b9483340d8cf,cbfd9ea172925e229c857c00899bdad4a1620a3cf76b1637f8b75eb33872b73c,stage2-v2-unit-01809-0bd1a17da967,0bd1a17da967ca4143657d8aa1cbe7a30776c3fbdf8f3e48e6616e17287a5081,0ff8b7e996d794156e4f048837531ceff9705892bd5442fc7eb46bfbdc44aa9e,7.236717647174373e-05,-4.140458371779955,0.01370312461698751,0.0026791971176862717,0.0026018740609288216
S-budget-2048-seed-43103,S,43103,0,74001,28,13,stage2-v2-unit-18612-784f478c4e8d,784f478c4e8d5c04c40af1600e04644bfe956bec75ef9051fb9e5c6ac4bf674b,fd48ffc961324f752e6c0af063ba83c3612f6d73ac2f36a7328ea3904b5a94b9,stage2-v2-unit-13384-56e5fae36647,56e5fae36647389339d4d7b0c75901adeeceeafe3db7d28017618d26badebef4,cfda6b68b49df5aa866c30b30aa7111dec08dbf957486369cbe337423b9c7849,6.786367885069922e-05,-4.1683626012005925,0.023962142729217123,0.0013827311340719461,0.0014493894996121526
S-budget-2048-seed-43103,S,43103,0,74001,29,5,stage2-v2-unit-23505-97cc33441bb3,97cc33441bb3a5058b4c26cd91bf2c3e6ac4c9231b53604b6af01007b5c830ad,7c9aa33dd6cd9267ca26ff85b642417086572cbb03dccc850c12399f1ad5a52c,stage2-v2-unit-14508-5dd2d36ff7a2,5dd2d36ff7a211818b939b050db01be144f0f97b86d6687073fe665de56433d4,4caed3ee6404792a44f0dc6d69335e49f496a77e6e6665cfae5012b6b14de8a4,6.62486781948246e-05,-4.178822782423918,0.016312175657267624,0.0020257681608200073,0.002035534242168069
S-budget-2048-seed-43103,S,43103,0,74001,30,1,stage2-v2-unit-31093-c96d25f9f324,c96d25f9f324aabd694903de4400acf59dbb88a3c7bfff7f5eed7b631c99ddcc,d3c631b775dda85a7f318a08a443a191d9556aa5b07708a9c0248de766e90c29,stage2-v2-unit-25603-a53cf126beff,a53cf126befff9362fdc726ea213596c2c6045fa91f25782a0d945be9ea71082,4fdd5a69c776cb9eb456e1ff62243e13e135b0953a4a634e83622dbc0d2def4c,0.0002410952583886683,-3.6178113307917137,0.07249325654504289,0.0018486692570149899,0.0014770919224247336
S-budget-2048-seed-43103,S,43103,0,74001,31,2,stage2-v2-unit-38233-f74e514a2ade,f74e514a2adecceef9e24dfb04615c8bb841594a5c45bdd893fb5762956120d4,4088cea66aeec5afeba663fbf92dd68c566564e74be9dd6ddd58eca3ede82c65,stage2-v2-unit-27411-b14da44153e3,b14da44153e351a03279adac27e30e6d0a3c04f069c9c876ecb7c2e069f5cbcd,df1061412ae2c42a3ff16ed4deccc91bc8a30594dfdefc9497f24f2a52be6956,6.663468957412988e-05,-4.176299621153323,0.020694012988485434,0.0016288545448333025,0.0015911438968032598
S-budget-2048-seed-43103,S,43103,0,74001,32,13,stage2-v2-unit-29727-c0427e3c5b28,c0427e3c5b288c646797d1e49bbd026273090d40532d10bd4a896186365358be,730d70f44ed8b4a563cd15be53cef8a3148caba659cb7e1890015b3863728e72,stage2-v2-unit-37747-f41270e93ebb,f41270e93ebbbc12546f953aacdbcc2307dea1187f47ad0f2ee19bdf88ec45fc,3e038daa0ea9f1226110d84f86ede6668d0c82b4a8b6d273c73ca97f7c831e8d,8.645355410408229e-05,-4.063217148184583,0.02113699562960823,0.002050667768344283,0.0020394856110215187
S-budget-2048-seed-43103,S,43103,1,74002,0,12,stage2-v2-unit-21381-8a32ab4f1a69,8a32ab4f1a69001bf448a9da4a56ed722c8b37ec4a4a5b0422f97e7b02c4f491,61a024f8a26b2b3857f159ad56adad47c07680fbf5099a7a23beb0139866038d,stage2-v2-unit-09171-3b6c8f08636d,3b6c8f08636d7daf3620cdb86a57388c64ea8af706abead328d38b7fd4866acc,15f940921c5ec6e70824c95652fb0361961a29c9cc44a962c2008e12abcb3f3c,0.00018088055367115885,-3.7426081212953757,0.021203361334423312,0.004811265505850315,0.0037194835022091866
S-budget-2048-seed-43103,S,43103,1,74002,1,8,stage2-v2-unit-21827-8d1cda412d6d,8d1cda412d6d1da5b53c0b7dc1d82e1b7db447922b295e950a8935e31a5b50f2,6ed0663c22b5733d0afc25633e717b18b5574ea8b41f169ac66b181966ba7cab,stage2-v2-unit-13489-57a03827255d,57a03827255d899a78dc6f9fbabb178544afa05b8cc47b547c6f3fe193d543b1,7e13bb9e30b60bbc89e6f100fbd803973913af6eb9ba8a308fb3cfb476ac0d58,9.399227565154433e-05,-4.02690783554658,0.021791155450048574,0.0021124938502907753,0.0022008283995091915
S-budget-2048-seed-43103,S,43103,1,74002,2,2,stage2-v2-unit-32659-d3e631c5b50b,d3e631c5b50b11ebe1f92b0d7abfe403b42a16630b1b49be3cce114cf8534ee4,975494dc6d6897802f9b44f22a01354d18bec699a6a4fe28d0b181b99024c3ec,stage2-v2-unit-21769-8cacbe121d7d,8cacbe121d7d68e8da792163805517836939ce808ec8dcf53e8042f07333cdb9,290c9690f5ce377749465ce64a014e856d55e3ef542532ce7a155d46719f3cd3,0.0002027677110163495,-3.693001201428843,0.03864377219769863,0.0026249242946505547,0.0026221750304102898
S-budget-2048-seed-43103,S,43103,1,74002,3,10,stage2-v2-unit-26633-ac0c85f1d9c1,ac0c85f1d9c16b05bbb3e48e3138d746ce80d35ac550341dbd174f25438e810a,91c371e5f0c7255b0e83c982787b4149e0f5808543a7492c87bad9f113561a41,stage2-v2-unit-03185-1470b29ac1c0,1470b29ac1c06cc0151ffbe1c77a814b36b26c8a329f665f01b443d175ba19ee,6af043c646351d5be22ab6ec4630483db86254c343022240d5adb9d1fdb1e49a,5.0907256081700325e-05,-4.293220310951101,0.011128296079197617,0.002199836540967226,0.0023747412487864494
S-budget-2048-seed-43103,S,43103,1,74002,4,11,stage2-v2-unit-21451-8a9fd1bf6351,8a9fd1bf63515a42fdb1a1ec876ab242193dc1056dec983ca603f257b243cafa,83d7ab5ca2ddd90a3dcdab4ff52c535544f9149132c16c2f8622edd58dbe3a35,stage2-v2-unit-30893-c823461b6da8,c823461b6da8ebd543b8b19bd57df6d072a32dc9d03a5fa8d074854a562ae3d7,2faa5daafea37031191359a242b35de781e891eaea377912ee9c5c5ad20e1bdf,0.00012089191295672208,-3.9176027502206217,0.012104292314287852,0.004898333456367254,0.005089190788567066
S-budget-2048-seed-43103,S,43103,1,74002,5,14,stage2-v2-unit-23991-9ae79af536d7,9ae79af536d700a1e2110a22335e6f129caa4397d35d76ba10cedfdd4ebf08af,32b5b312059e2ceca6876e05fe303769ea85b3dd9e4c9118f632e4a142f7385d,stage2-v2-unit-12410-5086ed34abcc,5086ed34abcc0c8145f8338caae4ec80aafe0d3d9de4b92bcd3541b3b33d3e31,07b20e181d74a0e64eeabcc62dbe34cbe4efa42feedaf760ec4ea859b78c8f8c,6.900598236825317e-05,-4.161113257133785,0.024187208043076603,0.0014906579162925482,0.0013623370323330164
S-budget-2048-seed-43103,S,43103,1,74002,6,4,stage2-v2-unit-08708-38837cd2864e,38837cd2864ed11eba859fa3a77c1d52a405d067ffc6f51b67189d9bd05e9360,537960d486953aabf7bb06b21751396861a1c8a26b88217bcb2ac4275b7253c7,stage2-v2-unit-02722-1169180d4402,1169180d44021088de1d51e7ab40c75df0e964d79c52aa5de802bde53a7f6ce3,d5edac598ffd861390fffecfdafd42295d6195c55175aad11243ad4294be241d,6.150749686639756e-05,-4.21107194683792,0.02507497523566459,0.0012294554617255926,0.001223488012328744
S-budget-2048-seed-43103,S,43103,1,74002,7,14,stage2-v2-unit-15053-611553e99ab3,611553e99ab3fb7ad7f215adaa3be72157838b6b361727f8a4d872b92a66486f,877a1833fc11a122ec09719138b45a2d1f1cb879cc87b27acf89d7dd1caf1dd4,stage2-v2-unit-25376-a39052e88cd0,a39052e88cd04990c9f6057462e3248be1ed92839bc0aafe2d0c0a95909edc53,b09998d3607da5d7148014d5a0419bc1c48c3a97fc8e3c039cf1f0b6882c1c9e,5.761375359725207e-05,-4.2394738291048535,0.02465975013796102,0.0011220441665500402,0.0012143036583438516
S-budget-2048-seed-43103,S,43103,1,74002,8,14,stage2-v2-unit-01084-06fb5f2d798a,06fb5f2d798a0aea9392ad5d5bd5882c6275b34149514bfc79a3100beeec6d49,1ffef478247a13f6dcecb3ee2a4f52e761b55d9d29745f11c8e04d4f9324d602,stage2-v2-unit-35054-e33118756098,e331187560987ce27fc08250669af9e25303b3316a73964ae2e3a79c7cfcf2e9,87f5691f36846c77c400cc0e2ba327d807bea8f8648dbadb07bc66eb3abaef49,8.177318522939458e-05,-4.087389085278252,0.023470597745396723,0.0017442713724449277,0.0017397977644577622
S-budget-2048-seed-43103,S,43103,1,74002,9,12,stage2-v2-unit-32534-d2fad1afb88f,d2fad1afb88fe7cfc83b27a6ccb2629ab3898bca7d9fe0a96dd43c834e5875c6,0ba89712b4076cb36c3943800d58d2404e17a84296d1417137d0293d4cd7138a,stage2-v2-unit-00457-02d4bda8783c,02d4bda8783c184b33e74152faa8c0ef16fcd81aa48b25260e18ebbc52593436,2c620a32cd796946e5f79d1bf1c5b4aead7e2604e29f9ee5c1f802c1b39b0241,8.656689897179604e-05,-4.062648139645225,0.025056574110821572,0.0017228126525878906,0.0017320450861006975
S-budget-2048-seed-43103,S,43103,1,74002,10,11,stage2-v2-unit-04813-1f2f886bce93,1f2f886bce93d54a1c91e24bea901fbdf55306b97d59194adf363bff44081b1e,5d36e7be92aaabdf56d436e83bb6d397f898f5ab7a259d0915e4ed70572c3818,stage2-v2-unit-21326-89de481b03ca,89de481b03ca2b34efd138441070ed1e420e6f3360d548466380472b5cf30f12,c1cf98261f7eb2ec8f70d83436fdcf5a25c036acaff318cc805ebfc587731279,0.00010788251529447734,-3.9670489364703765,0.028689793781061134,0.0019010072574019432,0.001859302632510662
S-budget-2048-seed-43103,S,43103,1,74002,11,10,stage2-v2-unit-05163-21698835b913,21698835b9130d76c13c5d7a6a1d19b51fd4c066678e2000452fb21049770321,175e9e0a3c7d9008f0cbb02da40d77495d497516675f1a6441ac73604aa3442b,stage2-v2-unit-07134-2e51badbccf6,2e51badbccf61605fd75dcf456e11c44129f6da581243a8900e550f6f014e798,79b48c4a4711630eb609cc23cfa228a10700ce6e7e8de6719c9222e4269b9b4d,6.874731479911134e-05,-4.162744260271563,0.024132748232927357,0.001440761610865593,0.0014079530956223607
S-budget-2048-seed-43103,S,43103,1,74002,12,1,stage2-v2-unit-30057-c265b2e826ad,c265b2e826ad2d902c944685a40146d6d665a991769f4f946344081cf037580d,9007971cd813546bb0b1bb1023949f424cc4362a4a0200895d0e5cca4998dfb7,stage2-v2-unit-22038-8e65a247c141,8e65a247c141a310fc93f8a6828cd5eba4c74c8f51f2a1fff74925e0448040db,a1d08218ea00c524ed1ab86018e6a239902f0df954fb4b8a1296091f5e83fd06,6.709640001645312e-05,-4.173300780798687,0.022296683670479135,0.0014408001443371177,0.0015684545505791903
S-budget-2048-seed-43103,S,43103,1,74002,13,0,stage2-v2-unit-29327-bda53b2e1af9,bda53b2e1af9c4e62c571dd4843297adcbc28273cffdde09b6a691cb4c9ded5d,0714a39a18828bbde641690ad0a46b90c0ee9eb12820f266882c54a9f896a610,stage2-v2-unit-13138-552b2f68bd63,552b2f68bd63547f87c02ae01d533267eaf6d2c62a8da55f7d6556f3ba18ab55,2086dd76f87d9eb4eaeb5c393859ba097fe55c429b1f7ce47d322e5acfd2488a,6.0025660786777735e-05,-4.221663050355121,0.015679028923841827,0.0018820860423147678,0.0019463181961327791
S-budget-2048-seed-43103,S,43103,1,74002,14,12,stage2-v2-unit-10967-473f40eae2e4,473f40eae2e4191d05f350fe047844a91c6f35bf89f3f12f4351bb601712ea7d,4e35e5049c3835bf8138544ef1a4d54ee95906c6cc1f8e59733868c9b7fa9f3b,stage2-v2-unit-13342-56a37973c726,56a37973c72642c997b13318248e190ec332e1e762dbc2e98f06cf4d6b34269e,1d5bf04edf0d3fafe070a8e11c676c12a8df73c1cdd00723bafd0d027a0ca2a5,0.0001431498967576772,-3.8442089608633903,0.028847197352317812,0.002533144783228636,0.00242920545861125
S-budget-2048-seed-43103,S,43103,1,74002,15,11,stage2-v2-unit-37561-f2f49776882b,f2f49776882b5b15ae076f122dde0fb5ec76c0b8d0e197471654607b88f0406c,aded61db623760e9ccbe5468a6dec8d916ae83edb7df3d6df012e9a7dddd2528,stage2-v2-unit-12503-51153ce353fd,51153ce353fd0a4e64e64fb737e3d9082bfc92109901b5a5529abf67193f4a27,2f8b80d432d38fe57a3c8d29edcb28b64c42bda6d38b5ca56a2725057c95b227,0.00014412056771107018,-3.8412740357994033,0.03904255152404671,0.0019896309822797775,0.0017017406644299626
S-budget-2048-seed-43103,S,43103,1,74002,16,9,stage2-v2-unit-05480-235b5abf448d,235b5abf448d062942a7e10d73a1c228d572089be6c10a92f6c9e000c32dbc6d,7a8e8c5b1603bcd037096f0134e1e8f95033e7626cefd136b9463847f2470959,stage2-v2-unit-28704-b999f8dfae32,b999f8dfae32cf8b0a2c59778e79ff90fdc0eaf0138e01751f1572d03a10afed,43afc83c14256d4b8ac1faa217deadb84431074822a745f92ea1f26a2533951f,0.000129233711049892,-3.8886241843806695,0.02916246041716503,0.0023948303423821926,0.0020366788376122713
S-budget-2048-seed-43103,S,43103,1,74002,17,2,stage2-v2-unit-17465-70f170f21870,70f170f21870b6ed8d64775cc8a985b8a585d499f99adfb83855cbae006c5c40,814be36c5a57da1aebc5c8818020e9a03eb30f462696475ba3cb27c32ab811e4,stage2-v2-unit-18956-7a7b0647e04f,7a7b0647e04f07058f618befcc3114dce82a4a8057c459ac622c945273ee6a48,fdb1922948c04dfba365d26d4de92aba6d426c5c28f9183d9ff8c3010dacb7dd,8.83615284692496e-05,-4.053736780351309,0.02663578224554787,0.0017244669143110514,0.0015929325018078089
S-budget-2048-seed-43103,S,43103,1,74002,18,7,stage2-v2-unit-29727-c0427e3c5b28,c0427e3c5b288c646797d1e49bbd026273090d40532d10bd4a896186365358be,730d70f44ed8b4a563cd15be53cef8a3148caba659cb7e1890015b3863728e72,stage2-v2-unit-25999-a7a0fb4c6a71,a7a0fb4c6a71390b7e5caf099fc6ce0ac6f212bc723bce393141156b16c786e7,da5e91915ba67c8f83774ec8e85d589ef8692f2ad77640bfad24b942dcfe4377,0.00011010465095750988,-3.95819433550127,0.03739918877296454,0.0015404161531478167,0.001403622329235077
S-budget-2048-seed-43103,S,43103,1,74002,19,7,stage2-v2-unit-08860-3978db03d4bc,3978db03d4bce7c3de0fb040c89eaf7c67d5b8ee16cd9734343f257e9efa9f99,07bd16c2e909bc8d7aca216a67736aaa31b4bd2eec4f198c5a5da77ff433127e,stage2-v2-unit-25779-a64f36141ce8,a64f36141ce855f8792e323a8f054d44128bbe5abd986768a8d28ecefc227682,3035eb26aa869e8a9fe10c3062ca9288852302d1c95bd9cd51509808493f9d50,6.770670734113082e-05,-4.169368305953691,0.015607119520297976,0.002119057811796665,0.0022191358730196953
S-budget-2048-seed-43103,S,43103,1,74002,20,9,stage2-v2-unit-14766-5f79bf3f329d,5f79bf3f329decb0811a57bc3705c7e6e40b30a66181e27bcad3914fdf00f6b1,ed26ae3938c23708c25a2c6716f07e90fd9c2d756c5973aee36ea51e5c1e7f5b,stage2-v2-unit-00719-04b0051c96d9,04b0051c96d92b141d3aa16319d1109f43d9d94971d7dd28f54e1702e0b84617,079c25dbe80ed3e8066b21afd10b1d7e2d8825e42e0e50838fa80529153dcae3,0.00010444731742609292,-3.9811027097478755,0.027726395295464164,0.0019907059613615274,0.0017763656796887517
S-budget-2048-seed-43103,S,43103,1,74002,21,10,stage2-v2-unit-32680-d4001419d2e2,d4001419d2e2f93e0d3ff15f75fa3be7e91ab54ad2809e8580b8a79ddb0dffea,c046f0d58f6e6c8ca6f7f77e7c8ab3e7e876b69cb72aa1eec036c8e08fb5a415,stage2-v2-unit-00920-05ef58d3e6fc,05ef58d3e6fc4a553b78ccc1412887dbfe1f4e0c2f8b39ca270fb7361e597ab6,6e00d8ec8aef1c832d0cfe2af79f8002ac0d00ae1a40d68585fe4640a692e7df,5.2192408475093544e-05,-4.282392661693908,0.016677943598094366,0.001553826965391636,0.0015756001230329275
S-budget-2048-seed-43103,S,43103,1,74002,22,9,stage2-v2-unit-28090-b5c26c6cc3e9,b5c26c6cc3e90b06fba9fe379717df4f1c4b17e6135f01378c258133e53ed158,79caa3a2f00fe16f8cb4f98aaf5896ce282ebf3ede074b5061fa5e4027d28afc,stage2-v2-unit-05361-229b06c2004f,229b06c2004fcab1cd1ea2f4dff4ab14150dcd88924a7c04ec0fd8ff6cb33130,4ca3f638c806afa703b6e80e4598b176aef26c281d0ceb0ce19c5feca1c54cbb,7.139871013350785e-05,-4.146309633979567,0.026729045745868683,0.0013662262354046106,0.001304976874962449
S-budget-2048-seed-43103,S,43103,1,74002,23,2,stage2-v2-unit-13871-59f01d68c4d4,59f01d68c4d43fb38fbf5c950cc886046543f531af619e03a78cc45a557366f1,b0d3e036ba4419caabb5d101812e2318de300c8a29823bb86fdeea3e1c20355b,stage2-v2-unit-20695-85c5d7cb1f67,85c5d7cb1f6792b0e5a34bd69e4d5ec8bd3256f1a42bffa63f5fdb6ce6fa0403,864d3f5a4145d8b17354e49db1c0bfae4310de789863a76bde6a927580e149fc,8.358537161257118e-05,-4.077869722367598,0.027055557933721667,0.0015663969097658992,0.001523000537417829
S-budget-2048-seed-43103,S,43103,1,74002,24,10,stage2-v2-unit-17216-6f3691daaa12,6f3691daaa129191b50b022026cd3646a278401d9551bc36991e2e3ea37602b8,92c363b327d2fe888676b6620c9264575197bac2cf0ab5f0006d6a37f4624743,stage2-v2-unit-00045-0061432a3946,0061432a3946b30c3dbf7f2705670146d358ceb896c54636ea507d658c886924,918547540dfda3b6cb138f9e75f50e56f067e7f2363b1c5131b00edfcdeef722,7.730651850579306e-05,-4.1117838847137635,0.01551056699489831,0.0025802012532949448,0.0024039181880652905
S-budget-2048-seed-43103,S,43103,1,74002,25,0,stage2-v2-unit-28878-ba9d355bdf45,ba9d355bdf4545aa2e08d7757eab57e69eb998e5554001a16b1624aa3f0ed837,c66087c2f3d5cc511bf6738ae801588072cdcdcd1c1328b808fd865ccc7ecce5,stage2-v2-unit-29901-c15c8d8636c6,c15c8d8636c6373921658becefdc29f714bfa5f595e56e8bbd0007bfccb5bb4c,569bd31efe2d21b72c11da9380fc742789183730f1ce663090d95d9b1987ede3,7.80423215474002e-05,-4.107669820002416,0.025050131300689938,0.0015718063805252314,0.0015436392277479172
S-budget-2048-seed-43103,S,43103,1,74002,26,8,stage2-v2-unit-08188-3552ef896a77,3552ef896a77b12192c836dff5c1633335caba406c7f5008e5b141af03dec88c,566c359cf4713a0efd512d838f2b6132175e6fd06d007738bc83b88844759bff,stage2-v2-unit-30034-c243c6e270be,c243c6e270beff5c220271a5625970e3de5949fa89da600b11277096702b8429,6d3e84de6bfad92fc433ff6ad896d10b89687991eda862c667be0b7d54521d44,5.444742782856338e-05,-4.264022632092728,0.020271052439847573,0.0013716712128371,0.0013142982497811317
S-budget-2048-seed-43103,S,43103,1,74002,27,11,stage2-v2-unit-28359-b78b83a38e4b,b78b83a38e4bb0717d12aa20fc190b0f441e6d6f103ecb2ae966eb8944a2b75d,25c00b7dc3bc0566a49c1d9f4edb81609a967c0a9d88fc517d7061fbda5319a4,stage2-v2-unit-17837-73427a9acf1b,73427a9acf1bb34909aee71a865ed2761c195d9cce7b0de0d8b85c5623aa30d2,a2804ef2e86834212ad5f835391c84993c082c1182ce98767cf0bb71ccb6fad6,9.147521632257849e-05,-4.038696554811116,0.024797478267345886,0.00187215325422585,0.0018167386297136545
S-budget-2048-seed-43103,S,43103,1,74002,28,10,stage2-v2-unit-38387-f85b3e495b0a,f85b3e495b0a833b3de0f6871975d38d841d6752fa3f4b490689e96ddbb90d38,3e5906c9a1f39cbdc2882a4c0d40f55170cb082d62b36ed65a7ddd2aaf0c038a,stage2-v2-unit-22772-931d759da171,931d759da171f2bb2f7c05f5ec24473b5062d4a8a791a9b47b4e86d181188ec2,9f12f2dd3902458890024d11512e6869a88ddf80f37cf298870d4df6b47fc2a1,7.698447734583169e-05,-4.113596834342462,0.03154258677576638,0.0011556558310985565,0.0012849961640313268
S-budget-2048-seed-43103,S,43103,1,74002,29,8,stage2-v2-unit-15123-619918aa58bb,619918aa58bb2cfa8a1c6a395c4b9f10abd7d5b6e3242a274f5ebb9fb3160d56,0eb1bede2139dc5c3fe7148397ffaac97e1eec991fe0fef4bbf3e2282e71f8d3,stage2-v2-unit-23842-99e5a1ae2c16,99e5a1ae2c169749e51595951756716a9009aa36025c29b59c27098864a3ed69,802d5bac7eddd264a1857dd35c5461108057d7af233578c1bc304bd8555a53c5,9.196917380904779e-05,-4.036357714915431,0.020172288426562438,0.0022361669689416885,0.0023230169899761677
S-budget-2048-seed-43103,S,43103,1,74002,30,0,stage2-v2-unit-07531-30f1382db1ba,30f1382db1baebc41925b4b4c22a7576befdc6f04f65041c500d5a088c340ec7,52e3dc63fb0ed2e215648ffc3b929fbcc8031aa44a63ff0627d5024bf8b525a0,stage2-v2-unit-24938-a0e7cc180b64,a0e7cc180b64cacf823a7f297a83ea544398956f0f4eea43d90d2005e970efb8,9b3e56f2105ba55f9fdd06e0029691da26962455c184647616aea67a48333e37,0.00010631117766024545,-3.9734210709333517,0.03118005489797443,0.0017346995882689953,0.001674889586865902
S-budget-2048-seed-43103,S,43103,1,74002,31,9,stage2-v2-unit-24567-9e91da36cf4f,9e91da36cf4f991865b41936ef87c2baf8500570c4735fad43ee7038a2e8712d,6fbe0f89d7cf1eff782d13c2d116953976470411f7d7721a121e0ddcaada1310,stage2-v2-unit-10903-46c50d0a9924,46c50d0a99245a068e408eb7285f81b98850a7415f15d0c1d411616ec5bbbeca,792614aa58b9d3fa99bdcb9d59a862ad0ecd1acca53d10117c69133a273a8adf,8.662194159114733e-05,-4.062372085985175,0.029728364040415536,0.0014788208063691854,0.0014349601697176695
S-budget-2048-seed-43103,S,43103,1,74002,32,6,stage2-v2-unit-16669-6bb95ddb0eaa,6bb95ddb0eaa073c70360ac8273b4d74b6d48ebbb7e2f134482a2938e8a85a2f,9a6cf426a46adfb375afaac85e24aaa308602fb3de3ab798c2116891de769b0c,stage2-v2-unit-15826-663966927a12,663966927a12af4f692fa1bb978079fe464060a289cdad693b2f33ab2e6c8f51,82030ac00fc37109d112183f067c4813fcf791ae15726084aa369fa5c1153c47,0.00010749354987638071,-3.9686175946984967,0.028364727510480768,0.0017724336357787251,0.0020172572694718838
S-budget-2048-seed-43103,S,43103,2,74003,0,8,stage2-v2-unit-18363-76941e7d22ef,76941e7d22efbcf94b266288eeadb1ccaf5c9d6014ecc40f64ed841609043b63,a7f8a89394af85a65b97d0a1a9f793e4b27fe7516c7a3b5ad7c7b84b74920f28,stage2-v2-unit-27998-b5117736834b,b5117736834bf5e648192b023696be7a32320e8f9e3f0a628cae03dd60d39462,4b285a773b542ecc9dfa922cb1898f7b1c2fadca6faf56a2e107f76c29600a22,0.00011384001118130982,-3.9437050702675798,0.019615077190926884,0.003007293911650777,0.0027964054606854916
S-budget-2048-seed-43103,S,43103,2,74003,1,0,stage2-v2-unit-02223-0e4bc50e1adb,0e4bc50e1adb31c162e1d0b8ef7054b15d7482d61b7f152523c5a2ebf6363722,93497e7f10798a04a61bae4a32e2b20b068591c4b2f209d51cdac7080c89c453,stage2-v2-unit-21142-88a80007d980,88a80007d9801fd78ca00220dec6981d39c0831f2e0bcc5e9c7bba625e4e34e1,5c3d7a7e85f9ae5bfa51d1af4213b7b50f79cecdcb8dc7a1861b353ce89b3a56,7.10466192685999e-05,-4.148456583013415,0.018971515191569352,0.0018007055623456836,0.0019442045595496893
S-budget-2048-seed-43103,S,43103,2,74003,2,9,stage2-v2-unit-22574-91e126a2385b,91e126a2385b321b475cc2562a6a82af0683436826aa9fb2134b064cef1ae71a,4480ea2f6ef7d4372fb149ced2181846ffcda63b03d6ea332bff22b0c6cf54fa,stage2-v2-unit-14305-5c9a28c3bbc7,5c9a28c3bbc75bd566bbab1011aba584b37c018562feceb1e6d7ec5d3fa44f43,9e681fbeea5df61ccaf5b273c309a6218bd6e9858f37319d2288f633416fccef,8.21783032733947e-05,-4.085242829813124,0.021125732398625963,0.0020248964428901672,0.0018650658894330263
S-budget-2048-seed-43103,S,43103,2,74003,3,1,stage2-v2-unit-22295-900220e96afe,900220e96afed50d0f2b30ad605e26100aa20a60a2f31a0e6f492b899e258bb0,5f64c034a76f82d983e8b82ae4e4c868962483b83a5ae1754d66ba57a6398719,stage2-v2-unit-25014-a165a6de1bf6,a165a6de1bf69ce339e7d5bf457cf980fd0d8e65527b98a051eb732b46e3d32b,59133d8e70383df23b002e58c47c04f8e59559d48f56e595a0ffc77dffb23665,0.00011919897224288434,-3.9237274891525638,0.02626362100797524,0.002203676849603653,0.002334881341084838
S-budget-2048-seed-43103,S,43103,2,74003,4,14,stage2-v2-unit-17870-7375bb1cf903,7375bb1cf903e48a03314baf085a7f174f3cbdb5077b342fc61e63e6279f99c1,20be1cc27a54bbd8d350ec355183dd08f476703ac76c3c65d22d2b0e36ce1272,stage2-v2-unit-04070-1a7991614fea,1a7991614fea155bc101fde82fe9ed598a71eece7c8840dbf9c59e7c32f1f2b2,cd564168db68a078c2b7ade7126bdf0ef27599141a6e2c77c6eebf498d2b0ba2,0.00012261934170965105,-3.9114410197422496,0.031714315174481374,0.0018956890562549233,0.001970682991668582
S-budget-2048-seed-43103,S,43103,2,74003,5,15,stage2-v2-unit-10969-47434e0d1410,47434e0d1410422f982c5d0e9ad62102d0786370ddd5c0d90f2f7e55da09d204,96f1fba36045fc7d3f5f0af951afc544d6c4c7732e91d22b9ebcc15d56d48abe,stage2-v2-unit-33406-d8d23a3ce288,d8d23a3ce288485b5600b9e686aa161ba4cc677243cdf552cd23e8a0f2f12c4b,23f3312bf8fb6eb5896719b417a33f15284b51d275db43ee0d9886ebbd9bf4df,0.00012304450501687825,-3.9099377764685705,0.03544953335120102,0.0017472532344982028,0.0017237234860658646
S-budget-2048-seed-43103,S,43103,2,74003,6,0,stage2-v2-unit-09522-3dc02d2a220a,3dc02d2a220ab2715ee55557e40d710d2accf8a544f23cf658f3d2a0ca03c6e3,1f5729b31c0b3604bc85b14125e98a5f64640bb7ad8190fe753c70839ccc8f61,stage2-v2-unit-36891-eebf1e016cd2,eebf1e016cd235890503bdc872532850b0958050bf9c0262b3e3b87d7f99be66,c6d66db9cc5ae758343c029ba274962b65aceeb3ba013c0863446f6d729d0c03,8.134466770570725e-05,-4.089670910605274,0.01927812443837865,0.0021284292452037334,0.0020911030005663633
S-budget-2048-seed-43103,S,43103,2,74003,7,13,stage2-v2-unit-30221-c38fc07fd29e,c38fc07fd29e41b8f45bb6a83f2e01597f3fc7db2c437a8326796818c91ecd5a,02febd325faf25b1c3791d11721bd85e90a38866e8dced4139ae5fbb9588f25d,stage2-v2-unit-22173-8f42c2904e17,8f42c2904e17c436847bb719fe5621959b060d31b90a95706b561295d862abaa,15ede2f515d7c19f8f2ac19c6a985d54644332d9a7ec52bc7f7be7b15a7c5b72,6.335196667350829e-05,-4.1982398985043785,0.019738226841827484,0.0016557518392801285,0.0015538559528067708
S-budget-2048-seed-43103,S,43103,2,74003,8,9,stage2-v2-unit-26211-a919cd7eacea,a919cd7eacea7de2361267014b43618a4332c333f8c44a9c3b5fb2669c1911c8,d2f8000b420358841068e3f0ec9dbd6c6974bc00de581a4880debdfef4438f5e,stage2-v2-unit-03697-17ef6a39445d,17ef6a39445d639bbfe56d98ce0171ebec31ea09b2dc36f839f3c8757bfa6ac8,367ef37279aa2885635550cae63f37f4250694b7a8aa2738e31b1006a1db5158,0.00013881115592084825,-3.8575756292689807,0.04348346030943971,0.0014731211122125387,0.00171915371902287
S-budget-2048-seed-43103,S,43103,2,74003,9,1,stage2-v2-unit-06046-26f775cbe2ad,26f775cbe2ad5c16d4b364f8c9777927200f376ae22ea98d25529fb38c533425,a2d30a93399637988bdf83cfdae299d550dc3f0f6a3252d636d2ea49cbc404d1,stage2-v2-unit-01963-0cdc5e982919,0cdc5e982919966002dab05a897c9d61379283e81df4e6775c158f7acf5fa9b9,426abee6e8caafcdb61c7fd97563fbd962c1388126422b166da143bb1f6e1986,4.8568472266197205e-05,-4.313645557156886,0.011304311023106802,0.0021893142256885767,0.00210714153945446
S-budget-2048-seed-43103,S,43103,2,74003,10,10,stage2-v2-unit-37797-f46e1470f916,f46e1470f91627010ea3ad538397de86bf8fc9bb65cbff2cb7b343c49941713c,fa6421ef7576747a3825429820d3fc55fc29bbdf73499e6feea8926a8208301b,stage2-v2-unit-04880-1fa1f9dc2aa3,1fa1f9dc2aa377dba0d520dcd7d1435dd859b9fd21208eb855a298ff98d7dfbf,16c57ef72bc4112af1ff76c686b142877c3ba3fd5419ce733d96cc347fed7f55,6.742816185578704e-05,-4.171158679367845,0.02139682917309993,0.0014998604310676455,0.00165145518258214
S-budget-2048-seed-43103,S,43103,2,74003,11,15,stage2-v2-unit-11633-4bbfb8182040,4bbfb81820408f9254dd7594182a5d2308ad287ed014fbaac77927f498e1006c,efe59fee291e35ac27ccd5b19fbc0f7efeb5bed4e2977027cae29c3cf9122fba,stage2-v2-unit-24934-a0df3dc6b124,a0df3dc6b1248a98c102d5e9a1d324373694311b0bb10ca347aeec8786dc38bf,004aa72b033bd140fddfacd28161371405fbec73699864b1820d2a388821895e,0.0001228683249792084,-3.9105600622701995,0.033993240747781754,0.0018205482047051191,0.0017939446261152625
S-budget-2048-seed-43103,S,43103,2,74003,12,14,stage2-v2-unit-30651-c68d82c86943,c68d82c8694371e68a7d395c7c0925356d928d752e9ca57bd36154296bf661e8,67ff69512c4cc75cfdedd6368a5fc1088329caef002b3be9b27a019868cd1dd2,stage2-v2-unit-31986-cf4cf9a153d7,cf4cf9a153d784a54ad28f098bdc887c124ed01c0666777318dfa7fa1b58beee,e5b24750e65c91a0c26e56afcb597f4c235785a195c75beaa136fe7f263d2037,8.49341886350885e-05,-4.070917457614878,0.02806369737636926,0.001489503774791956,0.0015369751490652561
S-budget-2048-seed-43103,S,43103,2,74003,13,11,stage2-v2-unit-09092-3af1784819e9,3af1784819e95697737100a524b941a26144a841fa383d0ca621685eca2b7878,06351b6c0d2a8496ecdd19c2674b0fb80151e7100e43f3e4ccdabd59589aafb9,stage2-v2-unit-07856-3324ebc86899,3324ebc868994c12405749c9f83ee2ac7d788254762da429326f71186280d36d,d0b0561805bf2948d762fbf4a421bad3d706e0b44ec3a194c7e1efbbf7ec4bb7,0.00011696499859681353,-3.931944080052546,0.05000329652817789,0.0011014313204213977,0.0012377144303172827
S-budget-2048-seed-43103,S,43103,2,74003,14,9,stage2-v2-unit-09931-407dd1b41370,407dd1b413709b299b305afe83ecf49ca01e8673b686cf15d07879c35b5e66e2,1db429ab110f93f5c28b64c33f7f835e620ce5394e05298a709fff6315cd72bd,stage2-v2-unit-21633-8bc3c7692a0e,8bc3c7692a0eb4bcbb4e1cab1d8ed62e547f47b986eee525c9ee437cf25e6996,d1553fad48463e6c0c5942e5650adc28aca28ce7bffcd207cc1ffff59189fb89,6.267114076763391e-05,-4.202932400009148,0.014639796251747028,0.0021279093343764544,0.002152965869754553
S-budget-2048-seed-43103,S,43103,2,74003,15,3,stage2-v2-unit-00150-0106444f6029,0106444f6029862ac4a153e9e235bdcf8b729a17f60991c2e6050d2be1d91803,ebcda1e92425c6d5c05ee8d16eaf052aa34e43968926f0c56e762f2f3aae50a4,stage2-v2-unit-39015-fc7881abd1e7,fc7881abd1e745004882677bf49d32ca2ab966245025258c3bb88242a11d3531,6c8573266a261f847c3bba17e02f880f2ce6d816c048804cb6f0743e0c42bac6,0.00014689001545775682,-3.8330077234675404,0.02362130879031065,0.003182157874107361,0.00303638051263988
S-budget-2048-seed-43103,S,43103,2,74003,16,12,stage2-v2-unit-22613-9224e1590508,9224e1590508e1d5a01a3a815a041896b9d8b14c6df1771752422ed2ccdfa581,1272ac3ebe787b1466e5e8c44ba69bac663f328b4f7f120072f3ed2815e31de9,stage2-v2-unit-18956-7a7b0647e04f,7a7b0647e04f07058f618befcc3114dce82a4a8057c459ac622c945273ee6a48,fdb1922948c04dfba365d26d4de92aba6d426c5c28f9183d9ff8c3010dacb7dd,6.207817932590842e-05,-4.207061028868206,0.01689793630311665,0.0018208324909210205,0.0018528811633586884
S-budget-2048-seed-43103,S,43103,2,74003,17,13,stage2-v2-unit-09032-3a9415511896,3a9415511896f0512dab5ba8b0e047bd098e251f09319f2451abcb2ea7f20be8,79c2a2b0d5f81dc7ef32c37172efc4d4fcad720d6b9de7769e3070e9ca377239,stage2-v2-unit-28925-baf71dfc3fb0,baf71dfc3fb02a3b9363d7ee8e8574db21d009cf43ccf576f4c84d3b4bed7053,031d9a8435a7153bd46cc515f4e00b2c94ff4f6d0aa3fc9027b6d50f611a62ce,0.00013458888861350715,-3.8709907931063294,0.036941533622135876,0.0017816221807152033,0.0018616723828017712
S-budget-2048-seed-43103,S,43103,2,74003,18,6,stage2-v2-unit-00180-0141e682f812,0141e682f812373b625356038adf5e766f4f2a879f82434578921ec20d6ea770,4839f3ef8446f29595666ee85fed7af9359edccec1cfea5799cdc150b1821227,stage2-v2-unit-01477-09a62bdc6eb3,09a62bdc6eb32d394fda18241560ae91de42a56791c682d6dd7ab016c0f26317,b12d83779c120b84a48930bd01c7d0e9bf6620a60f41431ade636885939ef097,0.0003332043415866792,-3.4772893484571665,0.07943056000890714,0.002205141820013523,0.001989771844819188
S-budget-2048-seed-43103,S,43103,2,74003,19,14,stage2-v2-unit-11447-4a72b60dd1c6,4a72b60dd1c66a1fedc695dd506f3271080ccfae4a67cf49deaacaa8eb8af1ee,282c90fa4edd104686bc5511f2298fe86278f817a71843e7bb9900dd5ae43131,stage2-v2-unit-34935-e28a0d9063af,e28a0d9063af0f18a8704ad56065a543b73e3e46ca8936c18dcaf574f9f22cfd,e547ef04f9b4b13c1c112d38799a4884fec89d5b1e086b892ea3e44fbde104e1,0.000171820807736367,-3.7649242436602743,0.045089530822854815,0.0020569036714732647,0.0017537549138069153
S-budget-2048-seed-43103,S,43103,2,74003,20,0,stage2-v2-unit-11743-4c6da8385eab,4c6da8385eabf0eebf2c429b5ec0714a71f08caccba2442821b6bb31e1d2305c,d8a157459897131fbdcddb6ce1f7a81e986dfb446299ded22d9faeea054b1737,stage2-v2-unit-36438-ebd6dfba022d,ebd6dfba022d3bff181794a529763f092becf650c5ae69c0e9951672497f5fea,ffb8cc4c8fcdb60a15d2000a81fb763cbdc2fa23ab9ff3804e1d2eb6ca7ecb0c,5.267877349979244e-05,-4.278364345108755,0.012695211183222501,0.002072030445560813,0.0020774691365659237
S-budget-2048-seed-43103,S,43103,2,74003,21,7,stage2-v2-unit-33737-daf67da6e03f,daf67da6e03f5dce354dcdbbdc54a222bee3de944cc68ca780809efe6818558d,a6717bd83554318bf97fd8c5723091a9f4094204144c46ed13838a43c44c865c,stage2-v2-unit-10650-4531c3aa8183,4531c3aa8183b3194bf81f065e220f05496f16e66ef92753c3b540dcad155c4e,999621b8bcf3a4a8f501f46eeaf462b8adb73178dbc05dd1e871a208b6120349,5.777411934104748e-05,-4.23826666580971,0.016336700309240473,0.0017301662592217326,0.0018062957096844912
S-budget-2048-seed-43103,S,43103,2,74003,22,7,stage2-v2-unit-35812-e7b1300124d1,e7b1300124d12c79f0911a7ca28a238284134e86eca916c7659e29774991e131,caa376104e9efbb400b39e7aafdf7cc10adfcb79e7366c8160d7b6735fe73c08,stage2-v2-unit-05180-218d4c70c6d8,218d4c70c6d8784fa812354c2fdefa488ad8cb7614ab81b57183c91919ba67b6,ddfe7a9390990995aa91fa47f2553c06961309f04f06388148c0e5ae0412448c,0.000105038117908407,-3.978653068614276,0.03826004459647757,0.0013124069664627314,0.001432966673746705
S-budget-2048-seed-43103,S,43103,2,74003,23,1,stage2-v2-unit-06387-293b7ad0eadb,293b7ad0eadbc8c5abf5c17ed967fecf1b6e3b6f4b1946bdfe9620d7d9481120,c2306b4047828c167f689d24f44f2fc010ecc88b929e3d63e528a6a52e67062a,stage2-v2-unit-15555-647cd77a2264,647cd77a226498b57bea68fc353355a6c962c09381a1cc926343c1d807ca265f,86d7eb240f3ab6e704bd1dd99e630f704f9860c7c0db499f70f44e205a40b800,8.730042463866994e-05,-4.058983643834148,0.03582880097287048,0.0011961407726630569,0.0012404583394527435
S-budget-2048-seed-43103,S,43103,2,74003,24,11,stage2-v2-unit-36288-ead3eb363fdf,ead3eb363fdfcf7f01312b4b89dc289fffda08786c3f53a7e988453ebec0fb4c,67c8ab5bba84130a5eb8c556f20e656f05e7358082b708034cacea615c92ef17,stage2-v2-unit-35952-e89991c5882d,e89991c5882d9cda66969ce03c9df2ef690e103fc79f7d9a58c399e7bfa2469f,9c06f0c6534216aae55c4a4681e04736271700c803c6b90e72b5fdfca08de088,6.729265442118049e-05,-4.1720323402107535,0.017967581982991893,0.0018383059650659561,0.0019069199915975332
S-budget-2048-seed-43103,S,43103,2,74003,25,14,stage2-v2-unit-35069-e34da40759bc,e34da40759bc8377bfa9e8f024787f12b171be6e1f55e04c7f67ef7cae6659a2,725e2f613e9a821ab4ee9622bf4b07392e8417a45d054b7eb2c141b55b27d195,stage2-v2-unit-37985-f59733604011,f597336040112f7981dbec2dbfed3ae537574abf20d1158210712001e8fe3005,b455404dc0a4612773a524afb8ebfbc14123128dac076d61ce976480926e75ea,7.531580195063725e-05,-4.123113895247031,0.02085208572164911,0.001775703625753522,0.0018362037371844053
S-budget-2048-seed-43103,S,43103,2,74003,26,6,stage2-v2-unit-01323-0887badd5d81,0887badd5d81521f3380b7ad1d929bf2105d146b6a981ce3914dae11a2e5d9da,cf90641a6828a31408325483aac07c71624d6bfc66be246bb53f803299e75ea9,stage2-v2-unit-28087-b5bccb081761,b5bccb0817619895899725459e7e465de44ddfb6138b5666522895b4b6f1ac4b,ff8e6b42436b854ae9abd40e087932b1ded662915995ef1219f413ea629dffe0,6.46982662146911e-05,-4.189107357406748,0.020948791183076194,0.0014887726865708828,0.0015996282454580069
S-budget-2048-seed-43103,S,43103,2,74003,27,0,stage2-v2-unit-01095-07151be67227,07151be67227722f1ddc44c567b2a45ac5178ebf65021d9c0097bbc0300e4a4a,3813ec739d320e99081de1a944cacd900cc2d6bbb2895aae9deb2e2fdaee1623,stage2-v2-unit-30516-c595c6b4be95,c595c6b4be951f1d38ed5c9b0d59171a9020a9d2eb8376db67e30f7ce554b83f,89d1204243515d1c18824e836c00d9b80945c06d5c73dc003b393d771b556e8c,0.00030443459399975836,-3.516505998650627,0.04495945630255811,0.0033037359826266766,0.00346757797524333
S-budget-2048-seed-43103,S,43103,2,74003,28,10,stage2-v2-unit-01910-0c7e479ca5f5,0c7e479ca5f5a914740556bc5d6dd8c5db76479f9acc53ca5524cb0064370618,9c5d68971aa678e857a7a58e79737dc21a06eaa523d139a9fe47e5fcb69c5c7f,stage2-v2-unit-16230-68c776ba3339,68c776ba3339abe2f2553854ba25b735622f8644fb76044a25336ace3e6dd99c,f1c9d9e872ef2867cb859416ce051d52e73409c2e2c5ea099fc98be49b00215a,0.00010314134124200791,-3.9865672253607993,0.035763051021372,0.001497643650509417,0.0013863759813830256
S-budget-2048-seed-43103,S,43103,2,74003,29,11,stage2-v2-unit-19216-7bfdaba0e7c6,7bfdaba0e7c64ffa173398d8c97963913f585cdef317266710dcfa0f7ef97fd0,83d9636634c5f3271589f6eb7e4660f0af823198cd891ce385108cb7b3416ea2,stage2-v2-unit-30332-c46363803a5e,c46363803a5e26227a75b99f5bc5806aa912447979f851e2c59bd6246ad86790,5b548806dd76c70dfe559ea5dda3b103e09ee72da4336fd33df7eba061a47804,6.521899194922298e-05,-4.185625918107082,0.0243736083030574,0.0013664111029356718,0.0013093926245346665
S-budget-2048-seed-43103,S,43103,2,74003,30,10,stage2-v2-unit-20882-86f331e80e83,86f331e80e833ab37dcafc5709b5ab26fce5ca6b8337998b39a09bf97497a358,d183d744be9d29b1455b99fb236f38ae042e1620f8a1383847a53b4dd7f2be7e,stage2-v2-unit-27149-af9556df1849,af9556df1849aaed2ed1bbce7b59530303bb43f4608ab82d9b9f14faa53472de,18a7a872c087f2b6e141ee51c9cb867987889b39a9e2181468760d3270aa0e39,6.966800719965249e-05,-4.156966611951038,0.023756377411777333,0.00147349969483912,0.0014591026119887829
S-budget-2048-seed-43103,S,43103,2,74003,31,5,stage2-v2-unit-23594-986e068ac378,986e068ac378680d680a1fd61b7ce1aacadb2fa6b876431494e1fc034c44e8cf,7875bfcd153b951683f20afaa11bb4e9217626fee79d43a9705633e32cb16c28,stage2-v2-unit-15694-654cd154611c,654cd154611c68dec5251c5f3246f014ec64ce77298164623962420c3a83f7bd,041f0b713b8d78534e6a4a6a801227a7c7e6058f96d4f35617fa5396a8194187,7.433987775584683e-05,-4.1287781573915545,0.024076040151800437,0.001505471533164382,0.0015822404529899359
S-budget-2048-seed-43103,S,43103,2,74003,32,6,stage2-v2-unit-37972-f5860ec30893,f5860ec308939cc09546870a34f458d727e216b9a3feb0f5e8051469b5a911f7,b0de9507aca5af066404174d423e0fc0ebb9e162d470b6861dee2982c85b5184,stage2-v2-unit-14917-6064341c50e2,6064341c50e23f45e6540f260fd3456fe2b1b1452b33b858ff8dba4758dccdd8,abbe7bfb8f698d98811c10ef7cf4d7508ba7d2b4409ffe8651b8d2251b573097,6.992551789153367e-05,-4.155364308415821,0.02974601479437483,0.0012283846735954285,0.0011223678011447191
